"Number";"Time_ms";"VectorX";"VectorY";"VectorZ";"DeltaStep";"KsiServo";"crc"
1;1195;-0.9986848831176758;-1.886622698066276e-07;-0.051270440220832825;-19.08586883544922;-28.582517623901367;5673;
2;1394;-4.78998783386554e-15;-1.3389500963967294e-05;-1.0;-16.13916015625;-22.193437576293945;15651;
4;1797;0.0;-0.0;-0.0;-6.871026992797852;-8.803847312927246;8211;
5;2610;2.750274966328981e-38;1.0;-5.135414678798675e-24;18.63496208190918;-10.924909591674805;65444;
7;3009;-0.0;-0.0;0.0;-3.169772148132324;-5.247103691101074;51205;
8;3222;-1.0;-2.034789758909028e-06;0.0;-5.720232963562012;-5.421464920043945;38481;
9;3421;-1.2118188032967975e-16;-1.0;-8.621344081746465e-24;-1.7336430549621582;-5.2153639793396;48016;
10;3626;1.0;6.626361681583148e-09;5.7548795375370526e-24;2.6216917037963867;-5.3093485832214355;36230;
11;3834;0.0;-0.0;-0.0;-4.6282639503479;-4.909524440765381;41700;
13;4234;0.9999487400054932;-0.010126175358891487;9.803361464624794e-13;-0.5374518632888794;-5.674195766448975;35232;
16;4851;-0.0;0.0;0.0;7.154618263244629;-4.136385917663574;34953;
17;5057;0.0;0.0;0.0;5.961970806121826;-4.691810131072998;26745;
18;5267;-2.258060327209063e-36;0.16123360395431519;0.9869162440299988;0.38413041830062866;-4.937977313995361;35259;
19;5470;-0.0;0.0;0.0;9.686885833740234;-3.887359142303467;15661;
20;5672;0.0;0.0;0.0;8.816368103027344;-4.900615215301514;5681;
22;6073;8.562824060920349e-11;0.9248996376991272;0.3802112936973572;3.5802884101867676;-4.656975746154785;41315;
23;6282;-1.6389863780161162e-35;1.0;1.2237815370581587e-23;15.101358413696289;-5.030929088592529;29442;
25;6711;-4.3077843375760594e-11;3.0616496005109184e-09;-1.0;10.432113647460938;-5.800736427307129;9967;
26;6912;0.0;0.0;0.0;12.524781227111816;-5.004920959472656;26397;
27;7125;-1.7888865841086954e-05;2.2196423843899582e-14;1.0;10.185806274414062;-5.283355712890625;31776;
28;7327;8.632950883060404e-31;2.9780868882056666e-09;-1.0;21.000917434692383;-5.1994500160217285;1942;
29;7545;-0.9986543655395508;8.741060723947934e-18;-0.05186071991920471;18.42228126525879;-5.159000873565674;27319;
31;7945;9.42871265579015e-05;0.9999966025352478;-0.0026243627071380615;22.003847122192383;-4.910981178283691;33957;
32;8147;-1.038570098899072e-05;1.0;-1.0840345708706835e-29;22.639066696166992;-4.89513635635376;52254;
34;9166;-0.0;-0.0;-0.0;-51.19147491455078;-3.3064372539520264;15379;
37;9780;2.8214635676704347e-06;4.906223693978973e-07;1.0;12.241352081298828;-4.826522350311279;8641;
41;10589;-0.0;0.0;-0.0;22.21106719970703;-5.1306843757629395;62531;
43;11005;-0.0;0.0;-0.0;25.3157901763916;-5.351626396179199;269;
44;11206;-0.0;0.0;0.0;34.25226974487305;-5.573216915130615;44334;
45;11419;-0.0;0.0;0.0;26.453983306884766;-5.268976211547852;62537;
47;11847;-3.3325110562178305e-33;1.0;-5.6378042865960504e-15;32.09682846069336;-4.966684341430664;48419;
49;12260;1.404589266040485e-31;1.0;1.7044307919586674e-35;23.51346778869629;-4.811691761016846;24955;
50;12465;2.670851623090895e-30;1.0;-2.3158468278290024e-31;33.62368392944336;-5.020235538482666;58661;
52;12866;-3.607568548904226e-14;1.0;3.2026998926253807e-32;36.29363250732422;-5.536096096038818;41284;
54;13277;-1.0;5.629791354915025e-15;0.0;35.27351760864258;-5.963006496429443;13932;
55;13483;0.0013563286047428846;0.9982897639274597;-0.05844441428780556;32.37735366821289;-4.782227516174316;37823;
56;13685;-0.0;0.0;-0.0;36.53596878051758;-4.931608200073242;34523;
58;14107;-0.0;0.0;-0.0;46.48136520385742;-5.317749977111816;63345;
59;14309;0.0;0.0;-0.0;30.43796730041504;-4.731276988983154;1393;
60;15125;-1.3563561623679277e-13;1.0;4.481174983084202e-05;28.361690521240234;-23.37887954711914;22754;
61;15323;-1.1379922801537559e-18;4.382982904351463e-17;1.0;32.95389175415039;-16.75565528869629;48504;
62;15523;0.0;0.0;-0.0;40.152095794677734;-9.90711498260498;39007;
63;15730;-7.390996723064674e-14;1.0;-2.7677584067489763e-37;43.505123138427734;-5.262946605682373;39011;
64;15938;0.0;0.0;-0.0;43.13896560668945;-4.437595367431641;224;
65;16139;0.9994533658027649;0.033060427755117416;4.4633804208160655e-08;50.746795654296875;-4.600314140319824;47853;
67;16541;0.0;0.0;0.0;46.03887176513672;-4.669017791748047;40204;
68;16745;-0.0;0.0;-0.0;52.13688659667969;-5.155045986175537;29696;
70;17168;1.0805153852871466e-29;1.0;-2.850192907532645e-25;47.9088134765625;-5.649855613708496;46463;
72;17606;0.0;0.0;0.0;51.96628952026367;-4.890733242034912;9126;
73;17828;1.0;2.0954718303622084e-17;3.4506698072451555e-27;48.497982025146484;-5.166680812835693;20462;
74;18028;1.0;1.2889496658667805e-19;-0.0;52.77835464477539;-5.619154930114746;51051;
76;18434;0.0;0.0;0.0;56.5155143737793;-4.5497517585754395;23158;
77;18631;6.349846397130618e-28;1.0;-1.1758601303321547e-23;60.62004089355469;-4.990862846374512;25986;
79;19039;-4.771287015422732e-36;1.0;-0.00018815070507116616;60.79900360107422;-5.2583088874816895;59671;
80;19243;0.0;0.0;-0.0;66.74290466308594;-4.533255577087402;38846;
82;19658;-4.600464176274244e-10;0.13381622731685638;-0.9910061359405518;59.189613342285156;-5.084105491638184;38495;
85;20278;0.0;0.0;0.0;70.1336441040039;-4.800780296325684;50933;
88;21491;-1.4332085740420553e-08;5.008942039082514e-15;1.0;148.54335021972656;-8.777448654174805;39954;
89;21697;1.0;4.327553779658468e-18;6.5540646093680465e-21;107.07178497314453;-5.178506851196289;35381;
90;21915;0.0;0.0;-0.0;65.51274108886719;-5.71366024017334;34320;
91;22122;1.0;8.742422608065681e-08;1.446349029984998e-21;68.0191650390625;-5.6585893630981445;55043;
94;22762;0.0;0.0;0.0;67.32221984863281;-4.6015238761901855;50553;
95;22981;-2.3990031356303614e-15;1.0;-4.029934158865942e-15;70.45368957519531;-5.123810291290283;46140;
98;23588;-0.8255336284637451;0.5643531084060669;5.948756439884285e-29;76.22389221191406;-5.4402289390563965;16550;
99;23804;4.0118839784524765e-30;1.0;-5.0245322088383455e-20;81.870849609375;-4.6779866218566895;12552;
100;24010;0.0;0.0;-0.0;79.44023132324219;-4.188943386077881;17248;
101;24218;-8.526673073837509e-22;1.0;3.4592642639275084e-10;68.3782730102539;-4.911385536193848;61043;
103;24625;0.0;0.0;-0.0;70.47052001953125;-4.9290642738342285;27715;
106;25231;0.007063194178044796;0.9999750852584839;7.805439434350892e-21;73.8685073852539;-4.644833087921143;22852;
107;25432;0.0;0.0;0.0;85.73039245605469;-5.35203218460083;60911;
108;25633;-0.0;0.0;-0.0;79.47465515136719;-5.8866801261901855;20597;
110;26048;-0.0;0.0;-0.0;87.75467681884766;-4.557101249694824;32330;
113;26668;-0.0;0.0;-0.0;78.7880630493164;-4.613614082336426;60741;
117;28101;-1.0;1.8738806062401636e-09;-6.458736219237118e-30;67.96477508544922;-7.25811767578125;45977;
119;28531;8.671819706762562e-09;1.0;2.7660819077383774e-26;93.55704498291016;-4.7718729972839355;1076;
122;29139;-1.0;1.029249394046694e-10;3.0107068962172557e-34;101.14095306396484;-4.777589797973633;56055;
124;29542;-5.567385434902456e-17;1.0;3.97463312262758e-11;107.2529067993164;-4.472891807556152;60047;
125;29745;-4.850393407800877e-38;1.0;-1.002431865884058e-30;92.55506134033203;-5.053748607635498;9751;
127;30166;1.0;1.333366337161895e-15;-3.1494505862803064e-33;124.30333709716797;-5.122863292694092;62578;
128;30376;-0.0;0.0;0.0;116.91777038574219;-5.144766330718994;32808;
132;31187;1.4367839867190924e-05;1.0;-8.939004050856347e-12;90.86614227294922;-4.725052833557129;21583;
133;31386;-0.999998927116394;2.8166901756776497e-05;-0.001452218508347869;112.58917999267578;-5.705956935882568;25447;
136;31999;0.0;0.9999619126319885;-0.008723843842744827;104.8846435546875;-4.913594722747803;51440;
137;32226;0.7764211297035217;0.6302144527435303;1.0965738096520679e-21;103.47254943847656;-5.360959529876709;38164;
139;32627;-1.0;4.704149938507263e-16;-1.3912361324499464e-27;110.38446807861328;-4.658621788024902;22399;
140;32832;-0.0;0.0;-0.0;115.85184478759766;-4.768893718719482;43172;
142;33259;0.0;3.0351213209378614e-10;1.0;103.69225311279297;-5.086244583129883;60595;
143;34078;0.0;0.0;-0.0;144.72695922851562;-25.033771514892578;41544;
145;34496;-4.1493442189675774e-30;1.0;5.731172304855418e-15;143.6324920654297;-12.800470352172852;52511;
146;34702;5.313824658514932e-05;1.0;4.687721998769545e-12;133.38304138183594;-6.805800914764404;26551;
149;35317;-1.0;2.9817304577455976e-19;3.140037493127642e-17;124.08483123779297;-5.187694072723389;62380;
151;35718;1.0;1.5928878503181051e-18;0.0;113.78019714355469;-4.770350456237793;46108;
154;36328;-0.9999880790710449;0.004868185613304377;-2.1813235775818463e-32;121.79422760009766;-5.031541347503662;55856;
158;37158;0.0;0.0;0.0;126.39918518066406;-4.894773483276367;35423;
160;37574;0.0;0.0;0.0;132.88523864746094;-5.610483169555664;40091;
163;38183;-0.0;0.0;0.0;133.43992614746094;-4.795944690704346;23981;
164;38387;-0.0;0.0;-0.0;131.41859436035156;-5.216451644897461;9192;
166;38816;1.5455188135628288e-31;1.0;-7.283890287798633e-13;134.3576202392578;-5.393263339996338;17532;
167;39021;nan;nan;nan;128.83291625976562;-4.689916133880615;10054;
169;39426;0.0;0.0;-0.0;134.4483642578125;-4.5153656005859375;26944;
170;39641;2.0538474872581227e-23;1.0;-1.568251354910899e-05;137.25503540039062;-4.6653594970703125;38954;
172;40654;-0.0;0.0;0.0;140.7871856689453;-5.722405433654785;46570;
175;41268;0.9592494964599609;1.7143754471593553e-10;-0.2825603485107422;146.3566436767578;-4.432754039764404;46593;
178;41892;0.0;0.0;0.0;152.55783081054688;-4.799439430236816;59086;
181;42498;-1.0;1.354464515880694e-18;-2.548357358467257e-10;151.7489776611328;-4.589311122894287;63344;
183;42930;1.6392701473045938e-14;2.705660695490053e-10;-1.0;143.35292053222656;-4.705391883850098;22701;
184;43142;1.2445770867890171e-13;1.0;9.606915550618503e-15;157.45408630371094;-4.64774751663208;57427;
185;43353;5.825342482661056e-35;1.0;-7.03720983131745e-28;146.921142578125;-4.980909824371338;35878;
188;43969;-1.0;2.238174703194384e-19;-2.2960793975339356e-35;150.94113159179688;-5.187963962554932;28178;
190;44371;2.722405822533959e-26;1.0;-7.024121493945462e-34;157.2620849609375;-4.463098526000977;25203;
191;44578;4.6084998095387244e-37;6.701908472628304e-11;1.0;154.59910583496094;-4.887322425842285;5134;
193;44983;-0.0;0.0;-0.0;151.13951110839844;-5.573343753814697;43174;
194;45193;-0.0;0.0;0.0;159.3323516845703;-5.174734115600586;39360;
196;45588;-0.0;0.0;0.0;161.18173217773438;-5.543780326843262;951;
199;46820;0.0;-0.0;-0.0;-165.57798767089844;-10.881598472595215;49119;
200;47024;1.0;8.52374300623739e-18;8.099879866385398e-20;173.0323028564453;-5.681386470794678;48151;
203;47640;0.0;0.0;0.0;166.72169494628906;-5.085100173950195;12963;
204;47840;-0.0;0.0;0.0;162.63462829589844;-5.257000923156738;8488;
206;48263;-0.0;0.0;-0.0;171.933349609375;-5.254049301147461;65138;
208;48668;-0.0;0.0;0.0;166.91110229492188;-5.318148612976074;11484;
211;49293;6.355361126253456e-09;1.0;0.0;177.10105895996094;-4.896328449249268;22104;
212;49525;-0.0;0.0;0.0;174.02444458007812;-4.689270973205566;36890;
213;49729;-0.0;0.0;0.0;174.7872314453125;-4.9735846519470215;41809;
215;50148;-1.0;1.683967276733256e-08;-8.673851706657101e-35;179.74728393554688;-5.339503288269043;1804;
217;50552;-0.0;-0.0;0.0;-175.42405700683594;-5.910704135894775;17954;
218;50749;-1.0;2.6692655145943173e-18;-0.0;178.8278045654297;-5.4120893478393555;44964;
220;51163;-0.0;0.0;0.0;178.96495056152344;-4.2310285568237305;53421;
221;51361;-9.187406946331578e-10;-1.0;-3.1468156422245414e-33;-169.89657592773438;-5.1470818519592285;22269;
223;51772;nan;nan;nan;-171.0244140625;-4.485933780670166;14164;
224;51974;-0.0;-0.0;-0.0;-165.9308319091797;-4.5470290184021;32841;
229;53624;0.0;-1.0;2.198687944184458e-19;-165.4352569580078;-4.610530376434326;16018;
232;54234;-0.0;-0.0;-0.0;-162.1279296875;-5.431042194366455;48270;
233;54438;0.0;-0.0;0.0;-166.88742065429688;-5.5650739669799805;11968;
234;54657;-5.097602895354214e-10;-1.0;-9.624403392847515e-15;-163.36219787597656;-5.287611961364746;37337;
236;55062;-0.0;-0.0;0.0;-156.27467346191406;-5.124222278594971;38747;
238;55461;3.478462807040136e-18;-1.0;-1.736533659923989e-11;-163.1361846923828;-4.523111820220947;8425;
239;55673;-4.700779806168375e-16;-1.0;1.6153689152447254e-24;-160.66204833984375;-4.663061618804932;55039;
242;56298;0.0;-0.0;-0.0;-155.9576416015625;-5.364345550537109;19783;
244;56692;1.0;-1.561857095749592e-14;-2.1365456177591113e-06;-146.13548278808594;-4.914275169372559;48352;
247;57305;1.1280381745116532e-33;-1.0;8.577548423712928e-31;-144.72927856445312;-5.512072563171387;16779;
248;57521;-0.0;-0.0;-0.0;-153.62191772460938;-5.109518051147461;29854;
250;57941;-0.0;-0.0;-0.0;-154.4474639892578;-4.940607070922852;39460;
251;58144;0.0;-0.0;0.0;-155.53720092773438;-4.831082344055176;56755;
254;59377;0.0;-0.0;0.0;-114.61663055419922;-24.512554168701172;43993;
255;59575;-0.0;-0.0;-0.0;-114.32102966308594;-18.76895523071289;45279;
257;60010;4.374101365556271e-07;-1.0;5.810536830323643e-18;-130.5327606201172;-6.28393030166626;52747;
259;60417;1.0;-3.4559018757818194e-08;7.251674002871891e-20;-143.93939208984375;-5.580631732940674;536;
260;60615;1.0;-4.2728395044377976e-08;-6.734941503654154e-35;-136.20819091796875;-5.594067096710205;12634;
262;61017;-2.9527944207075052e-05;-1.0;1.1437035486931282e-18;-140.8920440673828;-5.7042999267578125;1915;
263;61222;4.1247404390697476e-14;-1.0;-3.55891534127295e-05;-139.4996795654297;-5.231512546539307;58361;
264;61427;-0.0;-0.0;0.0;-142.69619750976562;-4.847957611083984;31864;
265;61625;8.79109068527284e-14;-1.0;-5.88548455542797e-16;-134.69439697265625;-4.51884126663208;23940;
266;61832;6.022923898599135e-32;-1.0;5.264795366916078e-37;-131.34683227539062;-5.04908561706543;58107;
268;62275;0.0;-1.791469195211448e-09;-1.0;-127.68133544921875;-5.365131378173828;35450;
269;62475;-0.0013026035157963634;-0.9999991655349731;1.0135412426257968e-37;-129.93896484375;-4.896833896636963;26810;
271;62878;0.0;-0.0;0.0;-122.69637298583984;-4.907451629638672;7167;
272;63081;-7.901404357191222e-12;-1.0;2.4214064275119373e-18;-128.91184997558594;-5.170490741729736;37834;
274;63498;-0.0;-0.0;0.0;-131.1734161376953;-5.103199481964111;46056;
277;64117;0.0;-0.0;-0.0;-120.14855194091797;-5.18166446685791;7825;
280;64740;0.9999984502792358;-0.0017535777296870947;2.1808501388781952e-14;-124.46702575683594;-5.032933712005615;51665;
281;65187;-0.013759653083980083;0.7930216789245605;-0.6090381145477295;167.91195678710938;-6.224462509155273;41987;
283;65989;2.2066864385878215e-36;-6.336077062324419e-12;1.0;-112.63811492919922;-5.164412021636963;31420;
284;66198;4.272686262955794e-14;-1.0;2.9011687012508557e-18;-116.94708251953125;-4.865781784057617;34856;
286;66602;-0.0;-0.0;-0.0;-116.64413452148438;-4.978874206542969;30174;
289;67209;7.073249323106601e-25;-1.0;2.4847221811067997e-38;-109.30406951904297;-5.53278923034668;53666;
290;67413;9.909659581808228e-08;-1.7822391782870706e-13;1.0;-113.78748321533203;-5.5297956466674805;57742;
293;68022;-0.0;-0.0;-0.0;-114.18241119384766;-4.91556453704834;60939;
296;68669;-9.743215190372511e-29;-1.513918448381446e-07;-1.0;-117.32432556152344;-4.64741325378418;24155;
298;69074;-1.0;-1.4129637904147785e-08;-3.3862441628593553e-18;-103.70272064208984;-5.406459331512451;14069;
299;69272;-0.0;-0.0;0.0;-103.10431671142578;-4.823698997497559;18583;
301;69698;-0.008208846673369408;-0.9999663829803467;-2.089732554004283e-20;-96.29936218261719;-5.98082160949707;28078;
302;69896;0.0;-0.0;-0.0;-102.8843994140625;-5.531905651092529;36254;
304;70309;1.4802161500044848e-35;-1.0;-1.3500644109894127e-26;-106.80254364013672;-5.267571926116943;4221;
305;70513;0.9998956918716431;-0.014441224746406078;1.6506946643228528e-17;-107.05425262451172;-5.124983310699463;28338;
306;70716;-9.297014795759418e-32;-1.0;1.9072340364800766e-05;-102.1859130859375;-5.9918131828308105;33655;
307;70922;-0.0;-0.0;0.0;-92.0226821899414;-5.318722248077393;18937;
308;71124;-0.0;-0.0;0.0;-92.33409118652344;-4.914359092712402;19357;
310;72153;-1.0;-1.5518595523206224e-12;0.0;-90.61186981201172;-4.894094944000244;29563;
314;72974;3.604525837151099e-15;-2.8931094805427516e-18;1.0;-86.06381225585938;-5.51971435546875;45486;
316;73375;-3.205905759593661e-32;-1.0;-1.3003336185590797e-08;-92.9219741821289;-5.311446666717529;41663;
317;73594;1.0;-1.0946335351036396e-05;-1.7042728689848543e-37;-90.35015869140625;-5.055782318115234;15999;
319;73997;-2.5405612177564763e-05;-5.184178713295933e-19;-1.0;-90.7044906616211;-4.987025737762451;56201;
320;74197;1.0;-5.7675083553476725e-06;0.0;-89.63292694091797;-5.494998931884766;6364;
322;74612;-0.9969093799591064;-0.07856056839227676;-3.53386112156494e-27;-79.35987854003906;-5.110824108123779;33183;
323;74837;4.87139102753409e-21;-1.1499584617880032e-09;-1.0;-76.45738220214844;-4.566638469696045;41355;
325;75255;-0.0;-0.0;-0.0;-86.55634307861328;-4.771879196166992;1372;
326;75459;-3.3652172316882574e-17;-1.0;1.7603970049777325e-22;-76.93524169921875;-4.9031596183776855;62723;
329;76067;5.6621241297497e-38;-1.0;6.290298414524803e-14;-72.20761108398438;-6.494862079620361;1828;
331;76476;-0.0;0.0;0.0;14.228469848632812;-7.321071147918701;23801;
332;76681;-1.0;8.088370552890517e-18;0.0;23.709463119506836;-10.876714706420898;18842;
334;77085;-0.0;0.0;-0.0;107.26304626464844;-21.1250057220459;53213;
335;77290;-1.1841269771442404e-36;1.0;-1.7016250282881349e-15;161.17971801757812;-21.806568145751953;14186;
337;78302;0.0;-0.0;0.0;-43.077850341796875;-25.283464431762695;11721;
340;78964;2.7046410062083325e-27;-1.0;-5.764582252994413e-36;-35.085960388183594;-5.876706123352051;7457;
341;79173;-1.0;-2.403587995303269e-09;-3.800224837504501e-13;-40.649227142333984;-10.489554405212402;23056;
347;80397;-0.0;0.0;0.0;96.9698715209961;-15.057345390319824;55867;
348;80595;1.0;9.440448422992631e-08;-2.63098513109258e-15;107.11880493164062;-14.888228416442871;47283;
352;81448;1.0;1.5706197453724258e-09;-1.3288241866443344e-35;110.81240844726562;-19.46150016784668;11849;
353;81647;0.0;0.0;-0.0;113.19697570800781;-18.76240348815918;145;
355;82074;-0.0;0.0;0.0;110.71401977539062;-19.86480140686035;32250;
356;82274;-0.0;0.0;-0.0;111.3231201171875;-21.363059997558594;53611;
357;82476;4.6762076283832484e-33;1.0;-1.9084551489698308e-36;114.68603515625;-21.800457000732422;52033;
358;82683;-0.0;0.0;0.0;114.57319641113281;-20.093732833862305;59121;
361;83311;-4.30331583746014e-38;1.0;1.2581859014221977e-35;111.98229217529297;-20.726518630981445;17270;
362;83512;-1.2371727919575474e-35;1.2238230177527565e-14;-1.0;113.88675689697266;-20.990175247192383;18819;
364;84522;1.82939463185477e-26;1.906768215542698e-10;-1.0;158.3792266845703;-13.664867401123047;46424;
365;84728;-3.1520699991169613e-31;1.0;-1.210651578986699e-08;134.20602416992188;-13.654828071594238;10122;
367;85147;1.13776352950417e-27;1.0;8.917806926609054e-37;126.5307388305664;-18.68368911743164;30978;
368;85361;0.0;0.0;0.0;121.28601837158203;-17.108457565307617;45615;
370;85779;4.221416272098821e-11;8.617091992725224e-18;1.0;92.54039001464844;-17.393423080444336;28080;
371;85981;nan;nan;nan;78.21273040771484;-13.418933868408203;15948;
373;86384;1.4286667910137483e-34;0.2223505824804306;-0.9749667644500732;119.8700180053711;-52.839820861816406;23754;
374;86587;-0.0;0.0;-0.0;98.95621490478516;-71.07412719726562;46331;
376;86990;-9.444267590197342e-10;1.0;-5.535704117320961e-10;64.79110717773438;-60.101837158203125;58720;
377;87206;1.274423699802721e-21;1.0;1.0441379316716848e-07;39.46939468383789;-33.40675354003906;36122;
379;87610;-6.755535317427522e-23;5.7012096432718096e-11;-1.0;23.10149574279785;-31.01125144958496;50532;
383;88449;-0.0;-0.0;-0.0;-1.1991159915924072;-32.13520431518555;10548;
385;88849;0.0;0.0;0.0;0.6887566447257996;-47.20492172241211;45709;
388;89476;-1.0;1.990668039297816e-07;0.0;4.524173259735107;-79.68340301513672;45457;
389;89678;0.0;0.0;0.0;8.7030668258667;-73.80118560791016;36386;
391;90079;0.0;0.0;0.0;9.180380821228027;-76.52826690673828;22279;
397;91943;0.0;-0.0;-0.0;-28.341766357421875;-46.78987503051758;4600;
398;92148;-2.5442496156468557e-35;-1.0;-1.1879812447531423e-17;-28.984167098999023;-45.215572357177734;43489;
400;92548;6.882486141831522e-17;-1.0;-5.3453302825801075e-05;-27.816802978515625;-47.815181732177734;41955;
404;93385;-1.0;-5.8970523776624706e-12;-9.946338208438471e-23;-11.519281387329102;-13.04499340057373;47611;
407;93998;-0.0;-0.0;-0.0;-6.529476642608643;-62.09824752807617;711;
408;94203;0.0;-6.900321286584798e-11;1.0;-12.946722984313965;-58.91843032836914;56768;
413;95231;0.0;-2.8961413267580838e-09;-1.0;-59.98639678955078;-9.690789222717285;49943;
416;95845;1.6519886969490472e-07;-0.002277340041473508;0.9999974370002747;-65.82772064208984;-9.38973617553711;1663;
417;96066;2.4257224140455946e-06;-1.0;-2.3879390217971363e-29;-58.51824951171875;-11.964770317077637;6560;
418;96281;0.9999998211860657;-7.406348451199918e-11;-0.000535172934178263;-51.754615783691406;-12.111456871032715;18711;
419;96485;2.687915062510489e-15;-1.0;-1.5827212133846368e-37;-64.03230285644531;-8.619739532470703;24389;
421;97517;0.9999991655349731;-0.0012521229218691587;2.956824049501626e-19;-87.05660247802734;-17.868837356567383;14156;
424;98144;-0.0;-0.0;-0.0;-48.46556091308594;-10.490540504455566;35992;
425;98344;1.7247217543037152e-11;-1.0;1.6996216933851116e-10;-60.46684646606445;-11.660130500793457;22517;
428;98951;-1.3511046661339946e-33;-0.0003130573604721576;-1.0;-58.75070571899414;-9.157906532287598;5278;
429;99160;-0.0;-0.0;0.0;-53.15764617919922;-9.766644477844238;33774;
430;99355;8.188542642058572e-19;-0.84800124168396;0.5299941897392273;-43.12548828125;-14.272266387939453;15260;
431;99556;4.067859557236509e-26;-1.0;0.0;-47.93663787841797;-15.877219200134277;55376;
433;99973;-0.0;-0.0;0.0;-49.914306640625;-13.345488548278809;33960;
434;100177;-0.0;-0.0;0.0;-46.34911346435547;-14.57016372680664;58926;
436;100581;-0.0;-0.0;0.0;-51.58271408081055;-10.766487121582031;4425;
437;100802;-1.3931230239448242e-31;-1.0;-6.384262362628096e-21;-40.70559310913086;-8.594677925109863;28713;
439;101207;-0.08493319153785706;-0.9963866472244263;-3.0630363086962646e-16;-51.631832122802734;-10.957082748413086;21930;
440;101425;0.8476136326789856;-0.006312809884548187;-0.5305763483047485;-30.659263610839844;-12.58255386352539;10701;
443;102078;-2.434226431535791e-12;-4.2404075806246055e-09;1.0;-36.62198257446289;-9.819903373718262;41076;
445;102479;0.0;-0.0;0.0;-23.976749420166016;-6.338225841522217;35772;
446;102679;-6.716012624101026e-30;1.0;-7.521589623228019e-31;1.5783065557479858;-8.29516887664795;9103;
448;103690;-1.1197558102717253e-24;-7.818132197733092e-19;-1.0;-36.24637222290039;-30.85053253173828;15940;
450;104104;-0.9999996423721313;-0.0008131839567795396;1.356387988685867e-20;-38.10124206542969;-17.389192581176758;16295;
451;104325;1.0;-1.165785246115547e-10;1.0458975493809536e-25;-41.23579788208008;-9.052740097045898;11564;
454;104934;0.0;-0.0;-0.0;-10.079680442810059;-8.796782493591309;42575;
455;105138;0.00013284025772009045;-0.04639825597405434;0.9989230036735535;-24.60062599182129;-8.591507911682129;52528;
457;105536;-4.267655562273376e-09;-1.0;3.5037459354366473e-31;-49.50387191772461;-5.676443099975586;64794;
460;106155;0.0;-5.3624475526703463e-08;-1.0;-22.14650535583496;-9.651453018188477;44165;
461;106362;0.0;-0.0;-0.0;-25.163652420043945;-10.182467460632324;49966;
467;107634;0.9999991655349731;-0.001258936943486333;-7.372825621132506e-06;-38.47395706176758;-9.628300666809082;17030;
470;108253;9.983611571590248e-29;-1.0;-5.645314402578927e-13;-33.488037109375;-6.150485992431641;9104;
475;109874;-8.171570087256441e-09;1.0;-6.488529627234529e-27;88.14937591552734;-14.44799518585205;357;
476;110078;0.0;0.0;-0.0;84.28692626953125;-6.6826348304748535;42804;
478;110487;0.0019371210364624858;-0.9999980926513672;0.00029901982634328306;-14.200913429260254;-7.429147243499756;14512;
479;110707;-0.0;-0.0;0.0;-10.313587188720703;-7.996340274810791;30536;
480;110908;-1.1311675092212664e-35;-6.143403573237842e-17;1.0;-13.69304370880127;-9.095355987548828;15356;
481;111114;-0.0;-0.0;0.0;-16.14469337463379;-10.712332725524902;15492;
482;111314;2.9154469586260704e-15;-2.4456017854390666e-05;-1.0;-7.263930320739746;-11.454259872436523;58179;
484;111734;0.0;-0.0;-0.0;-15.130982398986816;-5.263768196105957;6140;
485;111952;1.6549632518303364e-33;1.0;-4.893823124518804e-10;5.726125240325928;-10.523313522338867;6625;
487;112376;0.0;-0.0;0.0;-13.193562507629395;-11.956151962280273;36431;
488;112583;0.0;-0.0;0.0;-12.13497543334961;-8.994450569152832;57507;
491;113189;-0.0;0.0;0.0;9.609527587890625;-9.4553804397583;11840;
493;113610;0.0;-0.0;-0.0;-20.497087478637695;-11.469198226928711;53069;
496;114215;-1.5972774318473437e-12;1.0;1.0502872136511185e-27;13.171730995178223;-10.718667030334473;6871;
497;114431;0.0;0.0;0.0;6.499330997467041;-11.989434242248535;19317;
499;114835;-0.0;0.0;0.0;0.9276100993156433;-14.666114807128906;21767;
500;115036;3.049536985797195e-17;-1.0;-3.0605311977331176e-31;-9.59516429901123;-10.775047302246094;21892;
501;115238;-1.9305507171184233e-15;-1.0;5.779942132617716e-16;-0.672719419002533;-10.092533111572266;59247;
502;115663;1.9514803426599152e-32;-5.787009055551601e-14;-1.0;-23.59234046936035;-12.024419784545898;58697;
503;116253;0.0;5.400226754659343e-08;1.0;33.10308074951172;-17.587400436401367;56612;
505;116673;1.0;1.3085529933542805e-18;0.0;21.651729583740234;-12.684757232666016;42794;
506;116880;-6.769652141935919e-38;3.3689434530970175e-07;1.0;12.159011840820312;-13.15086841583252;51023;
508;117302;1.0;8.489296305924654e-07;1.1900058716207695e-09;16.87769317626953;-13.452484130859375;23469;
509;117504;-0.0;0.0;0.0;25.392541885375977;-13.301868438720703;49122;
511;117923;-0.0;3.015164581117108e-19;1.0;27.40713882446289;-13.471692085266113;45972;
512;118133;-0.0;0.0;0.0;26.254714965820312;-11.862256050109863;34906;
514;118529;-0.0;0.0;-0.0;21.19647789001465;-10.714852333068848;60010;
515;118742;0.0;0.0;-0.0;37.010643005371094;-10.434557914733887;17011;
519;119552;6.133635110927571e-07;1.0;-0.00022463931236416101;18.2297306060791;-9.894258499145508;57972;
521;119973;1.3965234669401101e-36;1.0;-7.125959741940405e-38;35.80385971069336;-12.39344310760498;58422;
523;120373;-7.135806612268425e-09;1.0;1.4641106939608177e-22;18.35545539855957;-13.799920082092285;6753;
527;121202;0.0;0.0;-0.0;28.10329246520996;-13.662568092346191;53221;
529;121627;1.7712269368211353e-13;0.00024267869594041258;-0.9999999403953552;33.722957611083984;-11.79869270324707;64921;
531;122646;-0.0;0.0;-0.0;26.221811294555664;-14.072096824645996;15373;
533;123051;-3.77803602235639e-31;1.9485072971647655e-19;-1.0;28.265607833862305;-15.078655242919922;55146;
535;123488;0.0;1.1767420466323418e-14;-1.0;43.05300521850586;-14.179707527160645;39868;
539;124303;4.0447530409437604e-06;1.0;1.494939141366558e-07;39.88608169555664;-18.68033218383789;23695;
541;124702;2.9714369853550693e-10;1.0;-3.1238809392876323e-30;40.848960876464844;-11.767313957214355;40429;
544;125321;0.0;0.0;0.0;30.815034866333008;-15.76721477508545;3399;
545;125526;-1.0;2.5464336670229454e-15;-1.0375497361049868e-31;42.637420654296875;-16.49078941345215;3676;
550;126557;0.0;9.008438092705795e-12;1.0;61.17151641845703;-15.088915824890137;20091;
551;126767;-2.988013132280336e-26;1.0;-8.06202985592814e-35;66.52943420410156;-15.827539443969727;435;
553;127175;1.9868737302518243e-35;1.0;2.2368392556194014e-25;51.206546783447266;-15.165740013122559;10776;
554;127402;0.0;0.0;0.0;63.77218246459961;-14.062503814697266;39562;
557;128017;1.6090097694370804e-23;0.005308300722390413;-0.9999858736991882;72.26104736328125;-13.358242988586426;35782;
559;129032;-0.9995447397232056;0.03017081320285797;0.0;70.00775146484375;-12.666497230529785;4052;
560;129236;0.0;0.0;0.0;56.61861038208008;-11.813230514526367;2962;
562;129653;0.0;0.0;0.0;56.698387145996094;-11.07433795928955;9682;
563;129875;0.0;0.0;-0.0;50.12246322631836;-11.121352195739746;36388;
569;131099;0.0;0.0;0.0;64.8956298828125;-12.254225730895996;24167;
570;131311;0.0;0.0;-0.0;79.49239349365234;-14.546040534973145;23286;
571;131510;1.0;2.474331850521594e-08;0.0;76.35484313964844;-12.461671829223633;12098;
572;131721;5.276141479271246e-08;3.8522587490806906e-14;-1.0;85.00325012207031;-13.838064193725586;59678;
574;132126;-1.0;4.752399052765236e-16;6.586943000885849e-38;59.86262893676758;-11.301474571228027;59115;
578;132946;-0.0;0.0;0.0;74.12175750732422;-12.002754211425781;39545;
579;133155;0.0;0.0;0.0;79.6708755493164;-13.212211608886719;14079;
580;133374;-1.473617256729636e-23;1.0;-8.01134746471652e-17;76.97743225097656;-14.269429206848145;20242;
581;133579;-0.0;0.0;0.0;74.36115264892578;-15.517502784729004;58356;
583;133983;0.0;0.0;0.0;75.72028350830078;-14.842729568481445;61936;
586;135196;0.11933363229036331;1.4488522026567807e-07;0.9928541779518127;86.51162719726562;-25.70989418029785;64566;
587;135412;-2.0521884948632944e-29;1.934802412506542e-06;1.0;98.03060150146484;-16.19688606262207;53377;
590;136048;0.0;0.0;0.0;90.99882507324219;-17.61133575439453;54149;
592;136465;-0.9999998211860657;0.0006062951288186014;0.0;92.08211517333984;-15.499628067016602;61367;
593;136664;0.0;0.0;-0.0;82.33056640625;-15.508600234985352;5182;
595;137072;0.013605293817818165;1.8320142223995223e-13;0.9999075531959534;98.59900665283203;-14.49868392944336;44753;
596;137269;-2.0720229996190702e-34;2.269639708174509e-06;-1.0;87.24141693115234;-18.671031951904297;38638;
599;137887;-1.2354923432987168e-19;1.0;-2.859966935855624e-15;92.32901000976562;-17.50528907775879;63183;
601;138290;0.0;0.0;-0.0;103.33710479736328;-16.156421661376953;53868;
604;138911;2.838237880907874e-30;4.687496571453842e-11;-1.0;111.608154296875;-13.686835289001465;50517;
605;139139;-1.0;3.1845446418765633e-13;-5.372747957947459e-30;112.3301773071289;-12.593838691711426;23778;
608;139778;0.0;0.0;0.0;111.09735870361328;-8.804638862609863;43281;
610;140179;-0.0;0.0;-0.0;85.7201919555664;-9.159372329711914;2499;
611;140383;-0.0;0.0;0.0;100.61337280273438;-14.10892105102539;41097;
613;141394;0.0;0.0;-0.0;68.2170181274414;-18.084714889526367;32278;
614;141602;4.4430926964584025e-29;9.964323055555724e-08;-1.0;78.7389907836914;-14.79958438873291;14661;
616;142105;-1.978052921458584e-08;1.0;4.208442927478018e-09;112.70579528808594;-11.244817733764648;31872;
619;142712;0.0;0.0;0.0;127.03873443603516;-10.24979019165039;38811;
620;142945;1.0;1.6664880604366772e-05;-3.536721749695899e-16;129.33004760742188;-11.000292778015137;8263;
621;143147;1.681879848923785e-24;1.083576717064716e-05;-1.0;136.64796447753906;-13.190771102905273;14141;
622;143372;-1.8709627624957648e-07;1.0;-4.875964085395883e-32;132.1044921875;-12.197322845458984;951;
623;143579;-4.6568143119429806e-08;2.1948343165057266e-19;1.0;135.4403839111328;-11.779382705688477;2638;
629;144838;1.0;1.82674953993784e-14;6.077340490047472e-22;145.0406036376953;-14.101025581359863;5114;
631;145243;-2.367758943875866e-20;2.2831005681389453e-14;-1.0;153.60765075683594;-12.991854667663574;27683;
634;145862;-2.0306474368680938e-07;7.740988405835481e-10;-1.0;134.10324096679688;-12.602897644042969;3940;
637;146481;1.2198546528452425e-07;1.0;-9.179733627938893e-18;151.08151245117188;-15.291845321655273;57910;
640;147084;0.0;0.0;-0.0;138.57974243164062;-8.99111270904541;15065;
641;147900;-8.250314749602694e-06;2.472404776199255e-05;-1.0;144.1067352294922;-26.53170394897461;18655;
643;148299;0.0;0.0;0.0;144.9338836669922;-13.877128601074219;17749;
644;148512;-0.0001227280154125765;0.9970011115074158;-0.07738751173019409;155.3389434814453;-11.360710144042969;57014;
647;149120;0.0;0.0;-0.0;156.71084594726562;-13.595922470092773;1546;
652;150168;-1.2771074887722722e-13;1.0;-4.378798558604697e-27;156.9618377685547;-12.420947074890137;37402;
658;151393;1.0;1.6069696300632236e-13;0.0;161.16470336914062;-13.418814659118652;56190;
659;151602;1.0;4.342528114875677e-09;-6.567898361066908e-33;158.88145446777344;-11.587456703186035;5882;
661;151996;0.0;0.0;0.0;165.20513916015625;-11.840835571289062;35397;
662;152223;-0.0;0.0;-0.0;171.0877227783203;-10.116159439086914;50224;
663;152425;-1.453194923011958e-30;1.0;-4.6459925901743334e-17;175.45960998535156;-12.338504791259766;14254;
665;152835;-1.1248080699392133e-24;1.0;-5.105414316874693e-20;166.93829345703125;-9.171788215637207;34843;
668;154050;0.02029823698103428;0.9997939467430115;-1.617840617029742e-08;166.4591522216797;-34.457618713378906;17028;
671;154692;-0.0;0.0;0.0;163.9181671142578;-20.777570724487305;58761;
512;152853;-0.0;0.0;-0.0;40.157875061035156;12.603769302368164;21513;
673;155102;-0.0;0.0;0.0;159.55259704589844;-10.523615837097168;17180;
674;155307;1.1206568492613289e-17;1.0;-6.24900196692646e-13;171.14373779296875;-10.963602066040039;58939;
676;155719;-0.0;0.0;0.0;167.71202087402344;-14.064984321594238;22247;
677;155924;0.004243138246238232;0.9999491572380066;0.009152999147772789;155.2299041748047;-13.539207458496094;3252;
679;156331;-0.0;0.0;0.0;159.10064697265625;-14.14069938659668;43706;
680;156531;-0.0;0.0;0.0;168.77784729003906;-13.363139152526855;65099;
682;156948;0.0;0.0;0.0;166.45924377441406;-12.62059211730957;11840;
683;157150;1.0;2.6081829838237036e-12;5.952257271082047e-20;173.1917266845703;-13.26353931427002;38602;
685;157551;-0.0;0.0;-0.0;164.3722686767578;-11.93230152130127;58441;
688;158157;-0.0;-0.0;0.0;-172.3502655029297;-12.750292778015137;42830;
691;158819;-7.649177291568776e-09;1.0;-1.5887820814450553e-16;179.9521484375;-11.9713134765625;40689;
694;159439;0.0;-0.0;-0.0;-177.39370727539062;-10.610457420349121;23101;
696;160455;9.95961000430791e-23;-7.068196250514802e-09;-1.0;-42.32907485961914;-19.127281188964844;7790;
697;160659;0.0;-0.0;0.0;-56.76346969604492;-23.092145919799805;46613;
698;160861;-7.556828354970454e-24;-1.0;-2.1729595656378737e-35;-69.3282699584961;-36.64874267578125;43265;
700;161273;-6.727699700810246e-35;-1.0;-1.3965428896596715e-31;-85.66616821289062;-43.05733871459961;1779;
701;161495;0.0;-9.482144886982513e-13;1.0;-86.8079833984375;-42.991390228271484;6080;
705;162316;-0.01010904647409916;-9.542198677081615e-05;-0.9999489188194275;-167.557373046875;-7.176427841186523;43383;
710;163350;-0.0;0.0;-0.0;169.1649627685547;-14.568793296813965;29194;
715;164406;-9.366643772741682e-19;-4.420176935582276e-08;1.0;-169.11065673828125;-11.382551193237305;43766;
716;164607;-0.0;-0.0;0.0;-167.76019287109375;-11.307467460632324;3074;
718;165034;0.9999999403953552;-0.0004645882290787995;-4.0493005613532866e-18;-164.20616149902344;-11.39007568359375;55778;
719;165234;0.9950621724128723;-0.09925328195095062;-5.049955245639559e-12;-173.19107055664062;-9.548286437988281;16876;
721;165639;0.0;-0.0;-0.0;-154.47975158691406;-11.267783164978027;61403;
722;165845;0.0;-0.0;-0.0;-149.0157928466797;-11.21562385559082;22180;
724;166857;2.2413648994695213e-34;-1.0;-6.031015205154752e-19;-177.39352416992188;-11.636115074157715;57113;
725;167062;0.0;-0.0;0.0;-162.317138671875;-12.797896385192871;50875;
727;167470;-1.9891070166086983e-38;-1.0;-1.5941588367379514e-25;-170.99252319335938;-11.506538391113281;7385;
728;167677;-0.0;-0.0;0.0;-160.06298828125;-9.503246307373047;63794;
729;167884;0.0;-0.0;-0.0;-157.77757263183594;-10.672274589538574;29502;
730;168083;5.946497461106759e-11;-1.0;-2.2377193090505898e-05;-158.306396484375;-13.423157691955566;3450;
731;168299;-2.3826174865536343e-13;-1.0;-1.5966642342247335e-29;-163.4833221435547;-13.950777053833008;26629;
734;168924;-0.0;-0.0;0.0;-158.74281311035156;-8.733064651489258;21671;
735;169124;-3.2833815666322153e-09;-1.0;-6.395831784042293e-22;-153.84046936035156;-11.435669898986816;4302;
736;169334;0.0;-0.0;-0.0;-158.92201232910156;-10.982251167297363;23368;
739;169953;0.0;-0.0;0.0;-160.64976501464844;-8.563055038452148;24134;
740;170154;-1.9034368961001746e-05;-1.0;1.0234421923055299e-25;-151.89918518066406;-7.006257057189941;51127;
742;170555;0.0;-1.87409865290347e-18;-1.0;-151.2621307373047;-11.407157897949219;15978;
745;171173;7.373702089544288e-32;-0.9997568130493164;-0.02205500937998295;-158.23704528808594;-7.3706440925598145;46474;
746;171399;0.0;-0.0;0.0;-147.265380859375;-9.49460220336914;34333;
749;171999;0.0;-0.0;0.0;-153.51905822753906;-9.666985511779785;29900;
751;173028;-0.0;-0.0;-0.0;-162.57855224609375;-16.818832397460938;26152;
752;173225;0.0;-0.0;-0.0;-160.76995849609375;-12.409204483032227;26808;
755;173859;-1.0;-5.3779525971409115e-11;0.0;-145.0059356689453;-11.457243919372559;29881;
757;174263;-0.941425085067749;-1.658167473533661e-15;0.3372221291065216;-156.51502990722656;-12.944110870361328;2074;
758;174465;0.0;-0.0;-0.0;-142.71200561523438;-11.344460487365723;37365;
760;174904;0.0;-0.0;-0.0;-157.71141052246094;-12.807082176208496;17403;
761;175101;-0.0;-0.0;-0.0;-166.2190399169922;-16.707429885864258;40046;
762;175309;0.0;-0.0;-0.0;-166.95877075195312;-16.091413497924805;29632;
763;175507;-1.0;-1.6978417249902122e-07;3.4478031568194323e-28;-160.06448364257812;-14.578993797302246;16177;
766;176124;-2.666041635914132e-22;-1.0;-2.885894772062076e-22;-154.2848358154297;-14.808687210083008;25034;
767;176329;-0.0;-0.0;-0.0;-159.87973022460938;-14.041379928588867;1559;
769;176728;0.0;-0.0;-0.0;-161.06410217285156;-13.440420150756836;54750;
770;176933;-0.0;-0.0;0.0;-159.19659423828125;-12.028120040893555;65100;
773;177564;7.638919587350469e-24;-1.0;-6.594239043700156e-12;-172.643310546875;-16.56321907043457;42653;
775;177990;-0.0;-0.0;-0.0;-161.03976440429688;-13.194602012634277;32049;
776;178191;-3.5485001378062125e-20;-0.06398507207632065;0.9979508519172668;-162.02110290527344;-13.540361404418945;7303;
778;178591;-0.0;-0.0;-0.0;-150.87139892578125;-14.375954627990723;24180;
781;179807;-0.0005916086956858635;-0.9999998211860657;-7.040669994717516e-14;-147.67494201660156;-16.7602481842041;53078;
782;180035;-1.0;-3.0455492350256463e-08;-4.420764643242592e-09;-147.07460021972656;-14.989728927612305;40561;
784;180432;-0.0;-0.0;-0.0;-151.01922607421875;-14.184083938598633;3242;
785;180641;1.3932798310634098e-06;-0.9999997019767761;0.0007905683014541864;-137.33749389648438;-14.00230884552002;10555;
786;180857;0.0;-1.8450686200589509e-19;-1.0;-134.18692016601562;-13.443648338317871;48336;
787;181056;1.0;-3.000185115705597e-18;0.0;-141.87039184570312;-13.417364120483398;62987;
788;181282;0.0;-0.0;0.0;-137.791015625;-13.316177368164062;17124;
791;181896;5.349744680784353e-29;-1.0;1.4756347321365562e-14;-110.59832763671875;-11.098702430725098;9170;
793;182312;0.0;-0.0;0.0;-113.77098083496094;-11.358748435974121;47491;
797;183128;-0.0;-0.0;-0.0;-111.13905334472656;-12.279850006103516;47554;
799;183527;0.0;-0.0;-0.0;-136.0585174560547;-9.065281867980957;40402;
800;183731;1.0;-1.800611786663555e-16;3.366450847521925e-25;-128.37351989746094;-9.568085670471191;3518;
802;184158;-0.0;-0.0;-0.0;-115.1570053100586;-11.803655624389648;56200;
805;184776;0.0;-0.0;0.0;-48.917842864990234;-13.439595222473145;15908;
808;186002;-0.0;-0.0;-0.0;-96.55106353759766;-13.271223068237305;18167;
812;186820;-0.04198666289448738;-4.031501248391578e-06;0.9991181492805481;-120.47756958007812;-12.720073699951172;54199;
815;187434;0.0;-1.7036074228743999e-19;-1.0;-129.47825622558594;-12.276323318481445;5932;
818;188062;0.0;-0.0;0.0;-108.38482666015625;-5.867177963256836;3807;
819;188274;-0.0;-0.0;0.0;-74.56739044189453;-4.615233421325684;19206;
824;189301;-0.0;-0.0;0.0;-107.81881713867188;-10.411665916442871;48679;
826;189699;0.0;-0.0;-0.0;-101.82931518554688;-14.081496238708496;52610;
827;189921;0.0;-0.0;-0.0;-99.31267547607422;-13.940171241760254;31264;
829;190337;-1.0;-9.638208977300431e-20;0.0;-104.9009780883789;-11.058235168457031;31269;
833;191901;-0.0;-0.0;0.0;-57.535614013671875;-18.576494216918945;63559;
836;193152;0.0;-0.0;-0.0;-54.10561752319336;-11.282039642333984;29020;
841;194175;-1.1665616518138013e-26;-1.0;-1.1714164198599629e-30;-38.04248809814453;-9.642389297485352;54861;
842;194377;-0.0;-0.0;0.0;-36.23042297363281;-12.652297019958496;18445;
844;194782;-0.0;-0.0;0.0;-40.329750061035156;-10.423358917236328;41142;
845;195001;0.0;-0.0;0.0;-27.087078094482422;-9.273150444030762;30247;
847;195416;0.0;-0.0;-0.0;-32.757484436035156;-11.835469245910645;47388;
848;195618;0.0;-0.0;0.0;-47.4635124206543;-10.094356536865234;47782;
852;196447;1.7180587644840688e-17;-1.0;-9.231870201562651e-19;-42.6753044128418;-6.865572929382324;40243;
853;196642;3.518824102339093e-15;-1.0;-7.827454504873155e-14;-42.147926330566406;-10.723444938659668;52935;
855;197150;1.2579870599438436e-05;-1.0;-8.594322475907745e-11;-41.14881134033203;-9.301065444946289;19058;
862;199188;0.0;-0.12200146913528442;-0.9925299286842346;-5.039797782897949;-15.248778343200684;24745;
863;199392;-0.0;-0.0;0.0;-30.80116081237793;-10.02352523803711;14794;
865;199806;-0.013336161151528358;-0.9999110698699951;1.7724516787002292e-14;-37.09878921508789;-7.672955513000488;36344;
866;200013;0.0;-0.0;0.0;-27.296947479248047;-10.921500205993652;18971;
868;200430;0.0;-0.0;-0.0;-42.14834976196289;-10.393675804138184;59857;
869;200634;-1.0;-9.20860988273766e-19;-9.196111347463745e-14;-38.05586624145508;-12.153336524963379;35708;
872;201255;1.0;-5.719785323308124e-16;-9.622314637187048e-30;-27.934276580810547;-12.369148254394531;44224;
875;201885;0.9972831010818481;-9.143981151282787e-05;0.0736643522977829;-38.9243278503418;-9.43803882598877;16658;
878;202512;-0.0;-0.0;-0.0;-24.815317153930664;-12.128891944885254;58079;
880;202917;0.0;-0.0;-0.0;-30.630512237548828;-10.117877006530762;40815;
881;203118;-0.0;-0.0;-0.0;-21.4788818359375;-8.32718276977539;18716;
884;203731;1.600153021000896e-35;-1.0;-7.408879554304804e-08;-15.812899589538574;-10.99229621887207;52559;
885;203934;-0.0;-0.0;-0.0;-20.22970962524414;-11.178019523620605;7081;
886;204151;0.9999788999557495;-0.006494662258774042;9.288290131465168e-16;-18.169864654541016;-8.345124244689941;10969;
887;204367;9.910560446946533e-29;-0.999999463558197;-0.0010678108083084226;-25.60738754272461;-8.735970497131348;6350;
889;205385;-0.05147155746817589;-3.0327859668055623e-10;-0.9986743927001953;-34.71438980102539;-9.745672225952148;59164;
892;205991;0.0;-0.0;-0.0;-13.568222999572754;-13.055209159851074;9251;
893;206192;0.0;-2.7065361791756004e-05;1.0;-9.814495086669922;-12.688382148742676;13244;
894;206418;-1.0;-1.8140231361485348e-07;7.66542473940035e-09;-20.544206619262695;-9.742605209350586;24339;
895;206619;7.767248182351892e-19;-3.4786799574249017e-07;-1.0;-23.76277732849121;-9.577093124389648;32708;
898;207241;0.0;-0.0;-0.0;-7.850412845611572;-12.706432342529297;39505;
901;207864;-9.074121053489833e-24;1.0;3.6434593766558803e-35;2.4666380882263184;-10.96407413482666;14551;
902;208071;1.672281723585911e-05;1.0;3.4103340811053595e-12;4.688546180725098;-12.753759384155273;61133;
907;209077;0.0;0.0;-0.0;6.103434085845947;-9.740723609924316;64241;
908;209285;-0.0;0.0;0.0;12.857726097106934;-10.106794357299805;55650;
911;209904;-1.6393065379575902e-18;-1.0;-5.543861376910986e-12;-5.770332336425781;-10.805542945861816;3105;
919;212168;-0.0;0.0;-0.0;7.799691677093506;-9.13420581817627;33501;
920;212384;-9.435762802746878e-16;-8.421286111115478e-06;1.0;-10.561362266540527;-9.896355628967285;41552;
924;213194;1.0;-5.980421236354005e-14;-5.690933447040661e-22;-19.692899703979492;-15.524457931518555;54724;
925;213392;-0.0;-0.0;-0.0;-11.348237991333008;-10.40636920928955;51003;
927;213799;0.09553170204162598;-1.0233048783336862e-11;0.9954264163970947;-2.0029194355010986;-11.98461627960205;9031;
932;214837;4.5998775374795526e-30;-4.685279074434501e-12;-1.0;-22.1279296875;-11.57931137084961;9359;
933;215045;5.394799480841762e-23;-1.0;1.2815014590436227e-27;-1.5856835583382194e-38;-12.627476692199707;42297;
937;215843;-1.1567838158720034e-13;-1.0;-4.826595613849349e-05;-8.392407417297363;-9.553484916687012;58228;
941;216696;0.0;-0.0;0.0;-3.2045297622680664;-12.32039737701416;10900;
943;217113;4.9799861246177935e-23;-2.4426871983451726e-11;1.0;-4.1389994621276855;-10.245134353637695;10444;
944;217928;-0.9999547004699707;-0.009526620618999004;-4.25243489103307e-15;-19.17386817932129;-29.51275634765625;40347;
946;218330;nan;nan;nan;3.057110071182251;-21.209178924560547;17876;
952;219545;0.0;0.0;-0.0;43.6962776184082;-12.7220458984375;18961;
953;219764;1.2975048591101768e-08;1.0;1.369671302269648e-27;41.71851348876953;-12.811559677124023;51025;
956;220387;-7.484787703561022e-25;8.960791364562987e-14;1.0;32.53911590576172;-9.96096420288086;24917;
961;221468;-3.665638581682293e-36;1.0;-1.789084649317374e-06;34.59087371826172;-8.75839614868164;38327;
962;221673;0.0;0.0;-0.0;46.85274124145508;-8.33939266204834;53592;
965;222282;0.0;0.0;-0.0;65.83192443847656;-10.56199836730957;46916;
967;222695;-1.0;4.036823306186044e-11;2.179735014918559e-22;53.01136779785156;-9.773473739624023;36436;
968;222899;1.008890526289787e-33;1.0;-0.0003829342022072524;58.28206253051758;-7.460690498352051;53853;
977;225355;-7.941684419462969e-13;7.45793197706214e-15;-1.0;54.08784103393555;-10.872928619384766;1095;
979;225757;0.0;0.0;0.0;53.56003189086914;-12.331080436706543;53890;
983;226579;-3.222057279266812e-35;1.0;-1.9638420867325693e-21;64.88487243652344;-11.089943885803223;14747;
986;227232;0.0;0.0;-0.0;51.75956726074219;-12.02618408203125;32768;
987;227434;-1.0;2.985896604599509e-19;-1.7168170225397962e-31;50.82346725463867;-7.618631362915039;23821;
988;227636;0.0;0.0;-0.0;57.39674758911133;-9.6886625289917;37778;
989;227841;-9.969039420918018e-36;0.44593146443367004;-0.8950671553611755;69.371826171875;-12.852910995483398;7697;
992;228441;-0.0010794640984386206;0.999999463558197;-1.3114694502144077e-16;57.992984771728516;-9.770711898803711;42859;
994;228853;1.0;4.467503840824283e-14;-2.646076446063267e-13;75.13996124267578;-9.285041809082031;62263;
995;229057;0.0;0.0;0.0;73.87938690185547;-11.201420783996582;31360;
996;229266;-5.986075467982898e-21;8.965009182064498e-13;1.0;72.3863754272461;-11.08627986907959;36575;
998;229668;3.0920973013338948e-24;1.0;-2.747816214812114e-28;59.41128158569336;-8.57944393157959;40321;
1003;231327;0.0;0.0;-0.0;62.0843391418457;-14.915388107299805;59335;
1006;231949;3.3426635898041825e-16;1.0;2.9757046218578343e-25;66.0022201538086;-9.422731399536133;14779;
1007;232154;0.0;0.0;-0.0;63.52281951904297;-9.666759490966797;15969;
1009;232558;1.785662925793558e-27;1.0;-2.931552570140106e-14;72.00816345214844;-13.023795127868652;63212;
1016;233993;-0.0;0.0;-0.0;73.22238159179688;-13.861454010009766;12419;
1024;235654;-8.740089815079122e-14;1.0;3.137105886708014e-05;62.3402099609375;-10.72546100616455;51918;
1025;235856;1.3021279738253933e-15;7.067878016187024e-08;1.0;90.97405242919922;-9.284806251525879;31892;
1027;236873;-1.0;-1.3119368858426584e-19;0.0;-108.71533203125;-7.080239772796631;45497;
1028;237107;7.349043698923197e-06;-0.23166610300540924;0.9727953672409058;-177.50079345703125;-4.100123882293701;7154;
1029;237305;-0.0;0.0;-0.0;92.41783142089844;-9.200152397155762;53259;
1034;238329;-0.0;0.0;-0.0;126.02806854248047;-12.15355396270752;30036;
1037;238933;1.0;2.077927890517528e-12;0.0;92.20033264160156;-10.095621109008789;25564;
1039;239353;0.0;0.0;0.0;129.8858642578125;-10.135284423828125;57836;
1043;240202;-1.3448829550011254e-10;1.0;1.1565857676032465e-06;104.85511779785156;-6.571224212646484;8681;
1048;241215;-1.0;8.489209769174666e-13;1.3493690785715417e-36;111.82240295410156;-7.707588195800781;46328;
1049;241431;-1.0;0.0001969432196347043;1.8683721236811834e-10;115.4063949584961;-5.895146369934082;13844;
1052;242052;-0.0;0.0;-0.0;130.0552978515625;-14.170888900756836;40264;
1063;244901;-0.22811275720596313;0.9736347198486328;2.4338026705095217e-08;80.32810974121094;-9.52840805053711;26695;
1064;245124;2.499790096284792e-21;1.05971993333287e-11;1.0;77.74372100830078;-6.062876224517822;11769;
1075;247383;-9.337723927416164e-10;1.0;3.586483917374649e-36;113.41107177734375;-7.984078407287598;58070;
1120;257862;1.0;9.49642315196779e-14;0.0;156.18849182128906;-8.269022941589355;3782;
1121;258102;0.0;0.0;-0.0;153.5873260498047;-6.000811576843262;25551;
1138;262203;-0.0;-0.0;0.0;-164.9945068359375;-11.891691207885742;41953;
1139;262410;1.0;-1.1416277345688286e-07;6.474471086711194e-37;-150.81170654296875;-9.042397499084473;32402;
1141;262841;4.5510300932314665e-38;-1.241731242433491e-15;-1.0;-154.4145965576172;-9.04102897644043;60418;
1142;263043;3.865714855432349e-19;-1.4077420928515494e-05;1.0;-165.06961059570312;-10.055737495422363;2618;
1145;263661;-0.0;-0.0;-0.0;-178.3212890625;-13.351141929626465;24319;
1157;266141;-4.07399818921065e-16;6.071372137678166e-12;1.0;157.47235107421875;-13.126008987426758;47340;
1159;266545;0.0;0.0;-0.0;146.0742950439453;-14.321879386901855;35565;
1167;268800;1.2596553140842293e-11;-1.0;5.9762835337350706e-34;-166.96731567382812;-23.67084312438965;20822;
1193;274784;1.3405182782180313e-21;-2.8192893353207182e-08;1.0;-22.213693618774414;-28.021902084350586;64993;
1198;275815;-2.7630861950456165e-05;-1.0;2.3120386963300785e-31;-136.49989318847656;-10.178955078125;63929;
1199;276038;-0.0;-0.0;-0.0;-124.92609405517578;-8.399833679199219;62327;
1203;276843;-1.3227598359501485e-23;-1.0;-2.6639294069263908e-12;-103.0801010131836;-14.60042953491211;25076;
1217;279763;-1.0;-2.7774868908585e-15;-0.0;-59.04330825805664;-13.297120094299316;6688;
1220;280366;-1.0;-4.851531798522046e-07;-2.076291369987531e-35;-24.43075180053711;-15.952703475952148;61961;
1223;281599;-0.0;0.0;-0.0;20.721508026123047;-84.00035095214844;37574;
1226;282233;0.0;0.0;-0.0;14.510509490966797;-53.68459701538086;39110;
1228;282635;-3.868677545392364e-30;1.0;-3.65630575059763e-33;6.518217086791992;-34.41995620727539;13940;
1231;283258;0.0;5.497773347684642e-10;-1.0;11.966446876525879;-15.58359146118164;39686;
1234;283873;-4.6905171302569215e-08;-1.0;-1.110052135728048e-15;-84.57716369628906;-10.551856994628906;42364;
1240;285124;0.0;-0.0;-0.0;-39.287776947021484;-14.33013916015625;33055;
1241;285321;-1.638467611380339e-17;-1.0;8.415179253123383e-26;-46.0727653503418;-12.635805130004883;52101;
1243;285733;-1.0;-1.9457390343022296e-13;-4.9018542046599944e-14;-44.488101959228516;-12.649993896484375;31264;
1246;286347;0.0;-0.0;-0.0;-46.29080581665039;-9.233598709106445;19934;
1252;288187;-2.7887986516449137e-13;-0.9999980926513672;-0.0019373145187273622;-9.611942291259766;-10.687122344970703;48579;
1253;288419;-0.0;0.0;-0.0;0.42638441920280457;-9.992514610290527;17926;
1255;288823;-0.0;-0.0;0.0;-10.923821449279785;-6.03756046295166;49568;
1256;289027;1.726404262603065e-11;2.2459980223315456e-18;-1.0;10.984551429748535;-2.607804298400879;24006;
1259;289633;-0.0;-0.0;-0.0;-11.019425392150879;-13.697351455688477;62715;
1262;290277;-0.0;-0.0;0.0;-54.375701904296875;-17.319971084594727;46342;
1264;290680;0.0;-0.0;-0.0;-88.51192474365234;-16.172914505004883;30343;
1265;290881;-0.0;-0.0;-0.0;-79.79293823242188;-12.20486068725586;14489;
1267;291303;-0.17906083166599274;-0.9838379621505737;2.7392238126654598e-33;-70.35206604003906;-11.960951805114746;42645;
1268;291504;-5.183599569136277e-06;-5.723952085645578e-07;1.0;-65.78430938720703;-10.040493965148926;23356;
1269;291708;9.882112944998102e-27;-0.011142435483634472;-0.9999379515647888;-52.774845123291016;-11.385798454284668;5222;
1271;292145;-5.540158175970644e-13;-1.0;0.0;-41.25968933105469;-9.972139358520508;62223;
1274;292753;-0.0;-0.0;-0.0;-47.064483642578125;-9.813176155090332;729;
1277;293971;0.9999978542327881;0.0020499692764133215;-5.796795992652195e-35;19.888917922973633;-64.64796447753906;13657;
1278;294172;2.3794806747671106e-19;9.791650048282877e-15;1.0;11.938881874084473;-45.49185562133789;17633;
1280;294585;-1.0;-1.816001531551592e-05;-3.199795998428678e-17;-30.87260627746582;-20.813884735107422;20182;
1282;295004;0.0005893827765248716;-0.9999998211860657;-8.718937219774978e-24;-34.92936706542969;-12.65192985534668;16703;
1283;295205;1.0149953827532194e-18;-5.850506568094715e-07;1.0;-46.15330123901367;-10.909028053283691;53523;
1285;295627;-3.274595757465031e-16;-6.030578120208574e-11;-1.0;-4.205611228942871;-12.138412475585938;47514;
1292;297122;-0.0;-0.0;0.0;-31.434507369995117;-6.530167102813721;60042;
1294;297525;0.0;0.0;-0.0;36.38127136230469;-2.1973955631256104;34800;
1295;297747;-0.0;-0.0;-0.0;-12.101971626281738;-6.4029927253723145;29220;
1297;298149;-3.448764982411471e-24;-2.4489609800407424e-16;1.0;-38.421207427978516;-7.605483531951904;12519;
1302;299168;3.149997651407117e-37;-1.0;-6.882037287709664e-35;-82.51569366455078;-19.744413375854492;45261;
1306;300584;-0.0;-0.0;0.0;-73.90888214111328;-12.190903663635254;36911;
1307;300814;2.689858469295814e-08;-1.0;2.7843812004384507e-24;-49.05931091308594;-8.220651626586914;43206;
1309;301233;1.2565173713586581e-25;1.2946220569173629e-19;1.0;10.174089431762695;-7.075484275817871;39794;
1311;301637;0.0;-0.0;-0.0;-0.46301183104515076;-10.798766136169434;36936;
1313;302060;-0.0;-0.0;0.0;-27.533720016479492;-11.5017671585083;16566;
1318;303076;-0.0;-0.0;0.0;-35.16776657104492;-7.769964694976807;60175;
1319;303312;2.578594713677502e-34;-1.0;-6.44690425733903e-31;-46.13667297363281;-9.311098098754883;55997;
1322;303919;-0.0;-0.0;-0.0;-43.81801986694336;-9.414789199829102;45705;
1324;304334;-2.4762895727004075e-12;-2.270907771162456e-06;-1.0;-39.05913162231445;-9.120247840881348;13929;
1326;304747;0.9999895691871643;-0.004582264926284552;1.7355025768816916e-14;-45.852149963378906;-10.968217849731445;28915;
1327;304952;0.004632351454347372;-0.00011279805767117068;0.9999892711639404;-53.329952239990234;-8.811995506286621;14931;
1328;305157;-0.0;-0.0;-0.0;-59.694549560546875;-10.449783325195312;28223;
1330;305576;-0.0;-0.0;-0.0;-49.34208679199219;-12.647006034851074;51725;
1333;306803;-0.0;-0.0;0.0;-29.197484970092773;-13.911253929138184;32551;
1335;307227;-6.0056039444289286e-33;-1.9562046345853248e-14;-1.0;-16.101930618286133;-8.534092903137207;11184;
1337;307645;-0.0;0.0;0.0;35.91403579711914;-6.909225940704346;52272;
1339;308046;-1.0641422638901776e-13;2.7169376300086208e-14;1.0;21.562725067138672;-8.529753684997559;22388;
1340;308251;0.0;0.0;-0.0;33.27621078491211;-8.917914390563965;53901;
1342;308653;-0.0;0.0;-0.0;48.75004577636719;-8.539497375488281;63887;
1343;308856;0.06877372413873672;1.773445481281419e-15;-0.9976322650909424;42.21651077270508;-14.582977294921875;21968;
1344;309067;1.0;-4.41022553534308e-16;0.0;-0.8649855256080627;-12.091514587402344;54940;
1345;309269;-0.0;-0.0;0.0;-38.35877227783203;-11.74388313293457;20573;
1349;310081;-2.9919086963343737e-29;-1.0;-2.5401833926964273e-28;-0.5401050448417664;-6.00934362411499;62426;
1352;310716;-7.682950146943482e-35;-0.9999998807907104;-0.0004053364391438663;-12.78468132019043;-5.275709629058838;1409;
1354;311158;-0.0;-0.0;0.0;-12.436161994934082;-6.4095892906188965;31913;
1357;311764;0.0;-0.0;-0.0;-12.486477851867676;-6.322087287902832;57585;
1361;313175;0.0;-0.0;0.0;-26.965349197387695;-14.289671897888184;19010;
1363;313594;0.022366618737578392;0.03409295529127121;0.9991683959960938;11.807683944702148;-15.772364616394043;45076;
1364;313797;-2.819402420872589e-37;1.0;0.0;14.266279220581055;-15.84820556640625;32432;
1366;314212;-0.0;0.0;-0.0;20.016183853149414;-15.420374870300293;64547;
1369;314818;4.424782378876797e-15;4.738037815939692e-19;-1.0;21.493831634521484;-13.35986614227295;54925;
1372;315453;-0.0;0.0;-0.0;41.293209075927734;-14.366045951843262;2776;
1373;315675;6.165446534394307e-24;1.0;-4.596256152235431e-15;33.176002502441406;-15.401668548583984;38636;
1375;316072;-3.448964636497821e-16;1.0;-5.05870276223952e-11;45.360870361328125;-14.868514060974121;17402;
1376;316292;-1.0;6.154859693849457e-17;3.8888125001577396e-24;46.13654708862305;-11.479434967041016;1310;
1379;316916;0.0;-0.0;0.0;-86.20486450195312;-6.123929023742676;61127;
1382;317532;0.0;0.0;-0.0;112.53714752197266;-1.0871658325195312;48203;
1385;318137;-0.0;-0.0;-0.0;-109.05389404296875;-5.614814758300781;43741;
1391;319969;0.9999999403953552;0.0002301840577274561;-7.56768545165566e-38;46.896568298339844;-59.24979782104492;23912;
1396;321017;0.0;0.0;-0.0;45.05482864379883;-62.0284538269043;53201;
1397;321218;1.1298487102504029e-13;1.0;-3.187924149040735e-33;47.26549530029297;-62.16671371459961;10008;
1405;322862;1.0029076093903688e-13;5.399461814853781e-17;-1.0;49.97377395629883;-61.67514419555664;30151;
1406;323066;-0.0;0.0;0.0;49.03470993041992;-61.99183654785156;24816;
1426;327824;-0.0;0.0;0.0;36.93657684326172;-61.660003662109375;1306;
1427;328033;-2.1504555474121008e-14;1.0;-3.4450706152711064e-05;35.287986755371094;-61.538475036621094;15687;
1430;328642;-0.0;0.0;0.0;32.55312728881836;-61.542266845703125;23357;
1432;329045;6.019440908837648e-32;1.0;1.1532383457924424e-25;32.15425491333008;-61.222694396972656;6717;
1436;329891;-0.0;0.0;-0.0;29.316133499145508;-61.735713958740234;63794;
1439;330501;-9.737573058229807e-28;1.9936409294263324e-12;1.0;25.24005889892578;-63.1539421081543;47229;
1442;331731;0.0;0.0;0.0;15.7825288772583;-59.48556900024414;27237;
1450;333390;-0.0;0.0;-0.0;6.496068000793457;-48.46056365966797;47724;
1451;333596;2.3287864759952322e-14;-1.0;4.795295449849517e-28;-6.805667400360107;-42.35134506225586;48553;
1453;333996;0.0;-0.0;-0.0;-40.107444763183594;-34.43070602416992;2041;
1454;334209;-3.810808060304836e-25;-1.0;5.070168565040149e-30;-50.845603942871094;-28.464303970336914;25794;
1456;334649;5.411711504956877e-34;-1.0;1.8520691768504932e-29;-23.61374855041504;-11.952943801879883;18881;
1457;334851;0.0;0.0;0.0;43.894962310791016;-2.76766037940979;27199;
1461;335659;0.0;0.0;0.0;78.2454833984375;-6.4671101570129395;16326;
1462;335857;-1.1841775806550179e-33;1.0;1.4504230106221468e-22;107.24468994140625;-3.331488609313965;51920;
1463;336069;0.0;0.0;0.0;105.65840911865234;-2.3874003887176514;945;
1465;336491;1.3701282855726828e-30;1.0;-1.2338705057679533e-10;89.23635864257812;-4.091907024383545;65506;
1468;337108;-0.0;0.0;-0.0;4.2595930099487305;-2.524886131286621;35499;
1469;337922;0.0;1.0;2.281806890629755e-28;144.56373596191406;-20.034881591796875;16713;
1471;338328;-0.0;0.0;0.0;137.753662109375;-9.682571411132812;54377;
1472;338543;-1.0580295320417044e-11;1.0;2.7535595137351265e-08;157.16522216796875;-5.439159870147705;19257;
1480;340186;-9.866174719150331e-27;0.9999999403953552;-0.0003208473208360374;93.67584228515625;-5.349552154541016;55006;
1481;340395;-0.0;0.0;-0.0;71.60697937011719;-3.8648650646209717;52612;
1483;340801;-0.0;0.0;0.0;48.21372985839844;-4.092871189117432;61621;
1484;341003;-1.0;2.692409631086857e-16;-1.586969166240135e-16;107.6330337524414;-1.1539230346679688;59569;
1486;341407;0.0;0.0;0.0;41.14814376831055;-3.778980255126953;44262;
1487;341634;-1.6802107770205185e-23;2.9016089229116915e-06;1.0;47.279396057128906;-5.215473651885986;8104;
1492;342671;-0.0;0.0;0.0;28.934093475341797;-4.410154819488525;57707;
1502;345334;-0.0;0.0;-0.0;24.95961570739746;-5.141293525695801;14032;
1503;345533;0.9827165603637695;0.18511630594730377;3.928114912608924e-31;30.184776306152344;-4.488711357116699;26298;
1504;345739;-6.246457360248314e-07;6.665752152912319e-06;-1.0;28.892908096313477;-3.9169886112213135;10301;
1505;345937;-1.0;9.271189327364482e-08;6.8240269625104555e-25;26.33123779296875;-4.924317359924316;27567;
1508;346560;3.4814445788642594e-28;4.1019972141231875e-11;1.0;29.993356704711914;-5.072390079498291;34736;
1512;347396;0.999951958656311;0.00980725884437561;0.0;29.453157424926758;-5.970615863800049;8201;
1513;347596;-0.0;0.0;0.0;41.86567306518555;-5.193926811218262;20739;
1520;349057;1.9284644681940495e-27;6.233258909027484e-10;1.0;46.61513137817383;-4.466400623321533;27289;
1523;349664;0.0;1.3561108446857439e-14;1.0;14.429295539855957;-0.3068093955516815;59749;
1526;350878;0.0;0.0;0.0;63.701229095458984;-4.659280776977539;20622;
1532;352107;-0.0;0.0;0.0;61.00508499145508;-5.292382717132568;40921;
1535;352739;-4.239192519167933e-27;0.8270238041877747;0.5621669292449951;69.46359252929688;-4.815088272094727;28914;
1547;355220;0.0;0.0;-0.0;97.59005737304688;-3.303068161010742;10610;
1549;355635;3.2784079451175785e-08;6.388566362147685e-06;-1.0;103.4842529296875;-4.316042423248291;8074;
1551;356036;-5.045876993903827e-24;7.076835562003225e-09;-1.0;90.37918853759766;-3.125267744064331;46828;
1552;356857;0.0;0.0;0.0;54.64203643798828;-4.296806812286377;30296;
1553;357058;-8.23992957199593e-12;1.0;7.455011621537841e-33;88.05271911621094;-3.2356457710266113;27905;
1554;357259;0.0;8.05789923674638e-09;-1.0;94.08667755126953;-3.260469913482666;48272;
1555;357487;-5.712512846653764e-14;1.0;1.1617632853996862e-12;75.97213745117188;-3.286010265350342;38350;
1556;357686;-0.0;0.0;0.0;84.2070541381836;-4.113145351409912;22453;
1559;358305;-0.0834968090057373;0.9965080618858337;1.5062643840546563e-11;89.03007507324219;-4.905954360961914;20253;
1562;358947;2.2996348123550163e-37;1.0;-3.276590370605422e-24;92.66963195800781;-4.603586196899414;42706;
1563;359169;1.5024556249451105e-33;1.0;-1.1012063589016345e-16;82.76117706298828;-5.574803352355957;6024;
1564;359376;-0.0;0.0;-0.0;86.00831604003906;-6.272747993469238;13111;
1565;359578;0.0;3.388628573840766e-15;1.0;88.54135131835938;-5.0738606452941895;10066;
1567;359985;0.0;0.0;0.0;84.23515319824219;-4.372020244598389;38807;
1568;360183;0.0;0.0;-0.0;87.099853515625;-4.2635087966918945;52817;
1570;360589;1.0;7.370730545006032e-13;-1.8614927562034906e-15;94.1048583984375;-4.68884801864624;18818;
1572;360994;0.0;0.0;-0.0;93.80970764160156;-4.473759174346924;27618;
1573;361196;-0.0;0.0;-0.0;117.28950500488281;-4.213803291320801;56100;
1574;361416;0.0;5.644225749248304e-16;-1.0;118.63467407226562;-3.546311378479004;47730;
1576;361832;0.0;0.0;0.0;115.4990234375;-4.07829475402832;4082;
1577;362037;-1.0;0.00016002351185306907;2.9360379145276783e-12;115.67240905761719;-4.114387035369873;25241;
1579;362432;7.84394529235232e-28;1.0;-4.893629620621274e-16;123.1436767578125;-4.114868640899658;16348;
1582;363673;8.085058178508575e-10;1.0;3.737872122765459e-22;97.56804656982422;-3.021392822265625;48048;
1583;363883;-0.0;0.0;-0.0;104.91345977783203;-3.742255449295044;31105;
1585;364301;-0.0;0.0;0.0;107.91056823730469;-4.315624237060547;62093;
1589;365113;-2.0976826434907396e-27;9.69813498150563e-20;1.0;106.51329803466797;-4.766179084777832;2439;
1592;365744;-1.0;1.4702171771685535e-11;-1.5432050082253568e-10;100.98098754882812;-4.222583770751953;14265;
1597;366753;3.727941502181366e-15;7.293670604546082e-14;-1.0;124.80461883544922;-2.9418792724609375;38851;
1598;366959;1.7839911947703513e-07;1.0;-1.260043935510935e-12;80.65985870361328;-4.844274520874023;38087;
1606;368617;-0.0;0.0;0.0;117.43449401855469;-7.036377429962158;18364;
1613;370662;0.0;0.0;-0.0;151.50970458984375;-8.254888534545898;38521;
1614;370860;0.0;0.0;-0.0;162.2481689453125;-6.330887794494629;61526;
1615;371062;-9.366375427676862e-32;1.0;-1.1177951364516048e-06;135.7884063720703;-6.364912986755371;58072;
1616;371265;1.8369700694976592e-20;1.0;1.0966710034866558e-29;127.3052978515625;-2.8690385818481445;26233;
1617;371473;0.9938063025474548;0.11112666130065918;-9.413898367749182e-17;162.00494384765625;-1.2407816648483276;23453;
1618;371686;-0.0;0.0;-0.0;135.3383026123047;-6.086271286010742;5220;
1619;371887;0.0;0.0;0.0;101.19037628173828;-7.952409744262695;58230;
1620;372106;-4.051426349353099e-14;1.0;-2.484335515084979e-10;146.9327392578125;-6.12070894241333;58777;
1621;372302;3.322300301533687e-07;1.7289736206294037e-05;-1.0;140.339111328125;-3.1234729290008545;10512;
1622;372505;1.004111665357058e-35;1.0;2.373306637389287e-31;97.49472045898438;-3.8644134998321533;2380;
1623;372728;1.0;5.122126477846191e-14;0.0;116.72233581542969;-6.141167163848877;20087;
1624;372924;-1.0;5.147932080618034e-11;1.0190001376031432e-07;136.8087921142578;-8.771008491516113;32364;
1625;373126;-1.0;9.00562389632021e-19;-1.0031298014467893e-09;94.89154052734375;-9.726944923400879;39606;
1627;373543;-0.0;0.0;0.0;16.649091720581055;-4.87164306640625;20514;
1630;374184;3.7875531688769115e-07;1.0;4.396181731472348e-34;107.54754638671875;-9.39846420288086;18420;
1631;374397;-4.081476563692619e-17;1.0;9.495654650688206e-30;89.28797149658203;-5.627374649047852;10866;
1633;374807;-6.887852181372367e-20;1.0;-4.554219848462715e-11;43.29529571533203;-6.037161827087402;6526;
1634;375015;-3.508765757942456e-07;1.0;1.924410852893743e-09;84.07899475097656;-4.302718162536621;4945;
1636;376027;-0.0;0.0;0.0;62.319679260253906;-5.458388328552246;41965;
1637;376228;-7.544060515174422e-11;9.438017478657912e-09;1.0;84.071533203125;-3.1097171306610107;28143;
1639;376645;-0.0;0.0;-0.0;57.88615036010742;-8.279332160949707;31882;
1640;376851;-1.0;4.3681154693331337e-08;-1.571755548433848e-36;89.34270477294922;-4.502402305603027;29588;
1642;377249;-0.0;0.0;0.0;34.677059173583984;-6.865370750427246;62654;
1643;377454;-2.3909558422019472e-06;1.0;-1.9878033134953155e-18;93.22660064697266;-7.001129150390625;23546;
1646;378075;-1.822123398345643e-12;1.0;-1.9691393049470207e-07;71.08605194091797;-6.978774547576904;4097;
1647;378286;2.0550318391432398e-11;2.379731540713692e-07;-1.0;56.67156219482422;-8.078752517700195;59748;
1649;378706;-0.0;0.0;0.0;113.39380645751953;-6.597204208374023;61688;
1650;378913;-0.0;4.078396639399839e-18;-1.0;82.95758819580078;-8.122369766235352;9109;
1651;379127;-0.0;0.0;-0.0;32.7276496887207;-4.111756324768066;15103;
1654;379733;-1.0;7.777161425005457e-19;1.547484946927865e-37;127.99738311767578;-9.114047050476074;31205;
1657;380349;-0.7082574367523193;0.7059543132781982;-1.4084670538700068e-19;78.3109359741211;-4.89899206161499;37212;
1658;380553;-0.0;0.0;0.0;70.69207763671875;-9.27698040008545;38464;
1664;382386;0.0;0.0;-0.0;131.21322631835938;-22.186798095703125;23401;
1669;383411;2.558780544165843e-32;1.0;-1.634862587073913e-28;141.32521057128906;-8.119888305664062;8601;
1670;383609;-0.0;0.0;-0.0;108.91887664794922;-4.014678001403809;63491;
1673;384246;0.0;9.259211453116478e-11;-1.0;89.5551528930664;-7.9110426902771;57897;
1674;384453;4.906887196582484e-24;0.0028915205039083958;-0.999995768070221;127.45979309082031;-7.130860805511475;59824;
1675;384675;3.2281002684315364e-31;0.034189365804195404;-0.999415397644043;165.56607055664062;-5.788430213928223;17042;
1679;385482;-0.0013575295452028513;0.9999990463256836;3.352588606730933e-08;157.4176025390625;-11.029594421386719;18346;
1682;386108;-0.0;0.0;-0.0;17.35012435913086;-3.4601645469665527;30763;
1684;386520;-2.873932828324843e-17;1.609549582306277e-15;-1.0;94.77400207519531;-6.961717128753662;25615;
1687;387126;-6.089990733926243e-07;0.020125674083828926;0.9997974634170532;151.97120666503906;-7.879580974578857;1359;
1688;387324;nan;nan;nan;122.39739227294922;-7.762258052825928;6968;
1693;388994;-9.801690373145126e-32;-1.0;-8.44699388028227e-18;-168.27134704589844;-6.143113136291504;13218;
1694;389219;1.4476540457359487e-22;-8.976343557343114e-10;1.0;-170.37811279296875;-12.772603988647461;44453;
1696;389624;-1.0;-3.920128666123901e-09;1.4230311013145412e-36;-178.86489868164062;-9.575563430786133;63053;
1698;390029;1.0;8.478644159711488e-16;-3.066909630433656e-05;145.94873046875;-4.199414253234863;54544;
1699;390232;-1.0;-9.25163876172759e-14;-1.0252655558877639e-28;-29.0029239654541;-6.828068256378174;32889;
1700;390437;0.0;-0.0;-0.0;-72.55793762207031;-5.737330436706543;60665;
1702;390832;0.0;-0.0;-0.0;-155.2611541748047;-4.474203109741211;60772;
1703;391063;-0.0;-0.0;-0.0;-165.38648986816406;-9.742432594299316;35132;
1705;391465;0.0;-0.0;0.0;-167.457763671875;-5.988463878631592;22486;
1706;391669;0.0;-2.5375927137361032e-08;1.0;-92.00312805175781;-4.550599575042725;13434;
1708;392069;-1.8869708652915384e-24;-1.0;5.951672937953845e-05;-64.93856048583984;-3.9042932987213135;33585;
1711;392678;-6.6106929578949006e-21;-1.0;8.439574649388887e-34;-48.64375686645508;-12.107767105102539;4899;
1712;392890;-1.0;-2.8191719232917257e-15;0.0;-32.54604721069336;-6.933523178100586;13161;
1715;393526;0.9999889731407166;-0.004700664896517992;-5.113841780257644e-06;-42.57193374633789;-11.252938270568848;46832;
1717;393943;0.0;-0.0;0.0;-100.29732513427734;-13.07564926147461;20200;
1721;395391;-0.0;-0.0;0.0;-39.74484634399414;-5.027831554412842;1823;
1723;395791;0.9999799728393555;-7.069054280538245e-16;-0.006324541289359331;-4.82713508605957;-6.765529632568359;3299;
1724;395999;-0.0;0.0;0.0;74.28175354003906;-1.8276807069778442;9915;
1727;396612;0.0;-3.298941351204121e-07;-1.0;-179.41873168945312;-2.789440870285034;35444;
1730;397221;-0.0;-0.0;0.0;-27.27334213256836;-9.134800910949707;3362;
1733;397847;0.0;3.297426523465875e-19;-1.0;25.43235206604004;-10.464338302612305;2397;
1735;398262;-0.9999992251396179;0.001247222418896854;8.337612115202463e-15;12.436729431152344;-6.996932029724121;32142;
1736;398468;1.312499510454411e-31;1.0;-1.3871079306872203e-13;6.3880085945129395;-11.570418357849121;10395;
1739;399067;0.0;0.0;-0.0;2.116610288619995;-7.428853988647461;23802;
1744;400100;0.0;1.0;-9.908199839642977e-37;40.2547607421875;-8.84451675415039;31100;
1745;400931;0.0;-2.9572663326354004e-19;1.0;-9.36589241027832;-26.477670669555664;58538;
1746;401131;2.007191022503648e-30;-1.0;1.523261417343507e-24;-0.3163186311721802;-19.153072357177734;11180;
1747;401331;0.0;0.0;0.0;19.595855712890625;-11.847688674926758;39420;
1748;401534;3.210340367481912e-16;1.0;-7.999456288701698e-31;54.109806060791016;-8.420910835266113;19509;
1750;401951;0.00011455167987151071;0.00041765591595321894;0.9999998807907104;46.74146270751953;-12.820915222167969;30431;
1751;402150;-6.728580046910793e-06;1.0;5.174434591026511e-06;42.32931137084961;-10.209461212158203;58671;
1753;402552;2.1529552382246593e-25;-1.0;1.8317241009095935e-16;-43.38848114013672;-6.352225303649902;49705;
1754;402753;-0.0;-0.0;-0.0;-68.80897521972656;-4.785905838012695;51140;
1757;403377;-1.3975911151550976e-20;1.0;2.563741256670315e-17;8.300599098205566;-17.408340454101562;33009;
1759;403819;-1.0;-9.1550779544175e-13;5.772957632765863e-12;-12.075408935546875;-7.753946304321289;32041;
1760;404022;-1.7845528657231546e-13;-1.0;1.2807728720419412e-24;-28.5201473236084;-4.223347187042236;33470;
1769;405871;0.0;-0.0;-0.0;-37.22705841064453;-15.740548133850098;33654;
1774;407506;0.0;-0.0;0.0;-117.11127471923828;-4.874039173126221;64804;
1775;407709;-0.0;-0.0;0.0;-81.50394439697266;-8.215201377868652;3130;
1778;408340;0.0;-0.0;-0.0;-27.66781234741211;-6.189166069030762;23272;
1780;408741;-1.2235296109608385e-09;-1.0;-1.5260255723760436e-33;-78.15990447998047;-6.191529750823975;45076;
1784;425936;2.0;-0.0;0.0;-38.7130126953125;-10.072688102722168;39281;
1790;410807;-0.0;-0.0;-0.0;-19.226491928100586;-23.4464111328125;21480;
1795;411826;1.0;-2.1662081906015374e-08;0.0;-124.10587310791016;-3.9005978107452393;10250;
1796;412028;-0.0;0.0;0.0;138.21351623535156;-2.620236396789551;34394;
1797;412231;-1.0;2.4489323926787725e-16;4.542220965117148e-20;11.456014633178711;-9.160935401916504;54595;
1798;412446;-1.0;-9.451525945274576e-19;1.1677994084704601e-26;-2.7793328762054443;-20.27791404724121;60181;
1799;412651;-6.79201903608373e-08;-1.0;-1.651162295527771e-26;-19.089839935302734;-20.74323272705078;9766;
1801;413698;0.0;5.096318173569965e-19;-1.0;95.50829315185547;-10.44005012512207;5823;
1804;414322;-6.243000427730294e-08;0.0778011679649353;0.9969689249992371;46.123966217041016;-0.5052202343940735;10363;
1805;414525;-2.8625287199380387e-24;1.0;3.2701029383756584e-19;5.012932777404785;-4.510536193847656;48032;
1806;414734;0.0;-0.0;-0.0;-25.28875160217285;-6.060549259185791;15749;
1807;414930;3.3937117005500284e-11;-0.0006079464801587164;0.9999997615814209;-27.042831420898438;-8.60279655456543;3325;
1810;415538;-3.250840163731286e-20;-1.0;-5.681134451762659e-10;-18.252452850341797;-5.273916721343994;25340;
1813;416164;9.027411630724291e-12;1.0;2.95844233733078e-06;42.6715087890625;-2.7564637660980225;60113;
1814;416366;0.0;0.0;-0.0;20.007915496826172;-4.938763618469238;16477;
1815;416589;-0.0;0.0;-0.0;11.183761596679688;-9.233842849731445;56992;
1816;416788;0.0;0.0;0.0;13.943153381347656;-5.131803035736084;15729;
1817;416995;-5.0132994977580836e-11;1.0;4.4589380443346055e-27;36.00764083862305;-2.5678272247314453;38956;
1819;417413;-0.026494862511754036;0.9996489882469177;-2.683139401418363e-18;0.4730076491832733;-3.366210460662842;16129;
1820;417617;0.0;0.0;-0.0;5.799738883972168;-7.068778991699219;49775;
1822;418018;-5.266244662571751e-10;9.035933112855332e-11;1.0;14.62645149230957;-5.73955774307251;2845;
1823;418226;-0.0;0.0;-0.0;10.800122261047363;-5.6964898109436035;24033;
1825;418646;-5.008672365747202e-10;1.0;-1.1564842129401085e-18;51.61857604980469;-5.549285411834717;43218;
1826;418848;1.0;0.00012439854617696255;-1.7704310794125255e-19;29.32975196838379;-5.83195161819458;3375;
1829;420081;-0.0;0.0;-0.0;49.81733322143555;-28.48114013671875;64443;
1832;420694;-0.9999182224273682;0.012789110653102398;-1.378473058495292e-23;36.74545669555664;-16.141767501831055;36088;
1837;421717;1.0;-4.720893662292112e-16;-3.085057086098321e-36;-1.4962810277938843;-5.510073184967041;44720;
1838;421929;-0.0;-0.0;-0.0;-3.8487918376922607;-8.05062198638916;2139;
1840;422326;0.0;0.0;-0.0;19.854337692260742;-6.25771951675415;57545;
1843;422978;1.0;2.995106485238463e-19;1.7666663965076879e-10;19.88578987121582;-7.895142078399658;25624;
1844;423177;1.0;3.244293312595686e-15;0.0;9.9276704788208;-7.494767189025879;57191;
1846;423580;-0.0;0.0;-0.0;7.374631404876709;-5.59906530380249;5338;
1847;423782;-0.0;0.0;-0.0;20.98027229309082;-5.0646162033081055;42763;
1848;423980;-0.0;0.0;0.0;21.72759246826172;-5.088768482208252;27675;
1849;424184;0.0;0.0;-0.0;25.414602279663086;-5.104569911956787;18719;
1854;425210;0.0;0.0;-0.0;29.26349449157715;-4.351217269897461;56287;
1857;426440;1.0;1.3281962335520703e-11;-1.6252425072498516e-34;39.44932556152344;-6.328596115112305;41301;
1858;426636;-0.0;0.0;-0.0;21.60744285583496;-5.51876163482666;22047;
1859;426845;1.3749284891647176e-28;0.4877501428127289;0.8729832768440247;43.36922073364258;-5.375182628631592;31582;
1862;427463;1.1482566440136849e-21;1.0;-8.416482963112321e-22;36.75168991088867;-5.55094051361084;33876;
1864;427877;-1.0;6.216478921258915e-19;0.0;37.88072204589844;-5.192615032196045;58637;
1865;428083;-0.0;0.0;-0.0;30.139789581298828;-6.532095909118652;21306;
1866;428288;-2.1615737323553334e-28;0.001828127191402018;0.9999983310699463;36.04300308227539;-5.282153129577637;39733;
1867;428483;-0.03464976325631142;0.9993995428085327;-3.601416835863347e-07;42.458866119384766;-6.53164529800415;65519;
1868;428693;1.3846936053861941e-22;1.0;-8.201388714671783e-37;37.58747482299805;-6.037598133087158;62176;
1871;429321;0.0;3.257871056261408e-11;1.0;29.749242782592773;-5.457186698913574;45313;
1873;429722;0.0;0.0;0.0;35.9902458190918;-5.114410877227783;8574;
1874;429925;-0.0;0.0;0.0;25.623191833496094;-4.485733509063721;15916;
1877;430536;1.0;8.216862804011035e-16;0.0;30.210906982421875;-6.620284080505371;30445;
1879;430944;0.0;0.0;-0.0;52.82487869262695;-5.870692253112793;44584;
1880;431164;-2.917701150129126e-11;5.3275071931651405e-18;1.0;50.821746826171875;-7.068297386169434;18861;
1882;431566;0.0;0.0;0.0;42.86068344116211;-3.3027727603912354;38499;
1883;431767;0.0;0.0;0.0;41.68262481689453;-7.540381908416748;53834;
1885;432811;2.8193686575093784e-30;-1.0;-2.5882798752304994e-37;-111.56634521484375;-1.8806661367416382;46740;
1886;433012;-1.2755480156556587e-06;0.9999848008155823;-0.005510845221579075;95.34649658203125;-2.6355061531066895;9253;
1891;434031;0.03507625684142113;0.9993846416473389;3.6506073565916586e-30;71.91119384765625;-6.738285064697266;10062;
1898;435496;-0.0;0.0;0.0;74.45549774169922;-5.793082237243652;26423;
1900;435912;-0.0;0.0;-0.0;65.16613006591797;-5.689119338989258;14601;
1901;436116;1.0285123126621362e-28;1.0;1.5001684258246061e-19;73.58443450927734;-6.099950790405273;25413;
1903;436546;1.0;1.2025041087326827e-06;-3.438734674935042e-28;87.85572052001953;-5.81270694732666;18622;
1907;437392;0.0;0.0;-0.0;70.30464172363281;-7.082630157470703;18087;
1908;437598;3.703610582010596e-33;1.0;3.1478630813097652e-09;80.54405212402344;-7.556558132171631;31286;
1909;437796;-6.76468104622574e-13;1.0;6.136966580337303e-36;74.47610473632812;-5.935838222503662;17633;
1912;439011;-0.0;0.0;-0.0;101.95293426513672;-8.764542579650879;22102;
1913;439208;0.0;0.0;0.0;76.73817443847656;-5.511382579803467;15013;
1915;439645;-1.2634066335739939e-17;1.3540989020499456e-18;1.0;66.07730102539062;-6.424654006958008;56395;
1917;440057;0.0;0.0;-0.0;67.54212188720703;-8.058999061584473;35494;
1920;440659;-0.0034050459507852793;0.9999942183494568;-4.685543383303429e-19;70.46322631835938;-6.353625774383545;17505;
1921;440860;-0.0;0.0;0.0;72.74960327148438;-5.5496368408203125;6123;
1922;441091;0.0;0.0;0.0;94.19895935058594;-7.028249263763428;31080;
1925;441703;3.603130266933607e-37;1.0;-1.4459526458121541e-11;89.78289031982422;-7.145857810974121;56219;
1927;442142;-4.030449862746366e-10;0.9999871253967285;0.005083787254989147;92.71376037597656;-5.016726970672607;63722;
1928;442359;0.6058335304260254;2.690650165778491e-13;0.7955915331840515;111.23104858398438;-5.450020790100098;13473;
1930;442764;0.9379046559333801;2.9641623768839054e-05;0.3468930423259735;83.61235809326172;-7.131965160369873;29600;
1931;442968;0.0;0.0;0.0;89.53980255126953;-5.670361518859863;36098;
1933;443377;-0.0;0.0;-0.0;77.90838623046875;-6.697755336761475;62954;
1934;443579;0.0;0.0;0.0;73.27930450439453;-4.712005615234375;32316;
1936;443985;-0.0;0.0;-0.0;77.55528259277344;-4.373981475830078;24630;
1939;445205;-1.0;6.703923816075985e-08;8.89859560399595e-28;77.20401000976562;-23.077491760253906;30235;
1940;445409;0.0;0.0;-0.0;81.7582778930664;-16.483657836914062;63971;
1942;445831;1.1306087799312081e-07;1.0;2.826578470308396e-38;97.77924346923828;-5.641477584838867;50466;
1943;446040;5.290028880381282e-19;1.0;-1.5133427754758337e-14;87.26012420654297;-6.117856025695801;34385;
1949;447286;0.0;0.0;-0.0;115.22994232177734;-6.219910144805908;47479;
1951;447689;0.0;0.0;0.0;102.37187957763672;-6.2976274490356445;53803;
1952;447905;0.0;0.0;0.0;104.82109069824219;-6.401577472686768;26301;
1954;448310;0.03550377115607262;0.10158178210258484;0.9941934943199158;123.56912994384766;-6.285672187805176;21062;
1955;448508;0.0;0.0;-0.0;102.8635025024414;-5.102875232696533;27247;
1960;449562;-0.0;0.0;0.0;120.86997985839844;-6.535477638244629;40810;
1961;449772;1.5231564568510747e-15;1.0;-5.9839898089500945e-36;119.14420318603516;-7.022489070892334;16649;
1966;450780;0.0;0.0;-0.0;125.74639129638672;-6.119953632354736;34612;
