"Number";"Time_ms";"Accel x";"Accel y";"Accel z";"Gyro x";"Gyro y";"Gyro z";"Mag x";"Mag y";"Mag z";"crc"
1;1920;51;-17;-999;495;4756;3802;4;2;0;19260;
3;2275;43;-8;-991;511;4770;3805;0;-19;-13;64973;
5;3297;56;-3;-997;514;4764;3803;0;-19;-13;14432;
7;3557;51;-14;-993;490;4760;3803;0;0;0;44088;
8;3673;46;-9;-995;482;4763;3804;-19;0;0;21558;
9;3873;49;-18;-993;500;4753;3803;0;-19;-13;45043;
11;4133;55;-12;-995;497;4758;3802;0;0;0;54698;
13;4420;61;-16;-1002;558;4715;3768;-19;0;0;33443;
15;4680;70;-26;-991;425;4793;3746;-19;0;0;5307;
17;4953;42;-21;-1001;529;4738;3814;0;-19;-13;42767;
19;5214;47;-39;-996;490;4759;3811;0;-19;-13;50189;
21;5480;55;-32;-999;504;4755;3796;0;-19;-13;19531;
22;5599;40;4;-993;567;4855;3783;0;-19;-13;12008;
23;5818;63;-6;-983;449;4748;3770;-19;-19;-13;37513;
25;6092;49;-15;-996;489;4749;3829;0;-19;-13;23608;
27;6352;30;-23;-966;501;4716;3808;0;-19;-13;29806;
29;6614;55;-1;-992;489;4748;3805;-19;0;0;34819;
30;6731;52;-11;-992;498;4753;3803;-19;0;0;51275;
31;6933;40;-8;-1002;505;4760;3804;-19;-19;-13;11431;
33;7194;46;-21;-983;497;4749;3801;0;-19;-13;8633;
35;7466;53;-30;-994;480;4753;3801;0;0;0;45439;
37;7753;43;-20;-986;402;4811;3788;-19;0;0;7169;
39;8025;54;-20;-989;451;4727;3802;-19;-19;-13;20435;
41;8285;57;-8;-1002;520;4778;3800;0;-19;-13;17250;
43;8557;45;-14;-993;498;4749;3806;-19;0;0;47083;
44;8673;51;-9;-996;473;4773;3797;-19;-19;-13;10407;
45;8886;43;-20;-991;455;4759;3798;0;-19;-13;58393;
47;9147;47;-16;-992;507;4775;3799;0;0;0;32225;
49;9420;58;-15;-1002;513;4749;3805;-19;0;0;57158;
51;9680;50;-12;-996;466;4752;3802;-19;-19;-13;10286;
52;9799;46;1;-974;471;4719;3807;0;-19;-13;54331;
53;10002;56;-15;-1005;517;4822;3794;0;-19;-13;38794;
55;10261;56;-2;-1006;575;4772;3828;-19;0;0;10123;
57;10534;51;-26;-995;497;4759;3813;-19;-19;-13;33505;
59;10794;32;-18;-1006;483;4747;3801;0;-19;-13;35254;
61;11162;43;-39;-970;457;4783;3800;-19;0;0;2674;
63;11422;49;-23;-996;495;4756;3804;-19;-19;-13;51871;
65;11682;43;-7;-1001;505;4767;3807;0;-19;-13;56465;
67;12002;53;-11;-1002;498;4760;3802;-19;0;0;8062;
69;12266;61;-12;-993;491;4744;3803;-19;0;0;5032;
70;12389;51;-25;-988;471;4742;3799;0;0;0;2222;
71;12591;56;-37;-996;510;4744;3805;-19;0;0;20020;
73;12852;49;-13;-991;482;4739;3796;-19;-19;-13;42533;
74;12968;69;-17;-988;503;4720;3754;0;-19;-13;15314;
75;13171;45;-12;-999;516;4751;3805;0;-19;-13;47483;
77;13447;41;10;-995;574;4777;3791;0;-19;-13;28330;
79;13723;34;-47;-984;469;4781;3798;0;-19;-13;42967;
82;14114;51;-11;-1002;497;4759;3803;-19;0;0;34741;
83;14315;46;-13;-996;474;4717;3812;-19;-19;-13;22662;
85;14576;53;-5;-1001;515;4742;3806;0;-19;-13;12573;
87;14835;65;40;-984;506;4767;3802;-19;0;0;2299;
88;14951;52;-12;-999;494;4757;3802;0;-19;-13;59581;
21979;1431665583;21877;-11;-673;22011;-18774;-20774;21929;-21934;-21846;46509;
89;15247;49;-12;-993;505;4778;3802;0;0;0;46116;
91;15521;48;-9;-995;499;4770;3802;-19;0;0;48446;
93;15781;46;-13;-999;495;4759;3802;-19;-19;-13;26410;
95;16135;50;-12;-996;521;4736;3806;0;0;0;64568;
97;16409;48;-12;-992;492;4765;3801;-19;0;0;29138;
99;16672;49;-8;-997;497;4758;3803;-19;0;0;9311;
101;16947;57;-7;-1000;496;4758;3804;-19;0;0;58309;
103;17208;51;-10;-996;481;4725;3806;0;-19;-13;9659;
104;17337;50;-13;-999;495;4759;640;-7168;10858;1433;11813;
105;17481;52;-10;-997;497;4756;3804;0;-19;-13;41250;
107;17754;49;-15;-994;492;4748;3824;-19;0;0;56531;
109;18014;44;-15;-997;498;4759;3803;-19;-19;-13;60703;
110;18144;50;-17;-1000;494;4749;3804;0;-19;-13;65122;
111;18344;53;-12;-1013;512;4779;3799;0;-19;-13;6941;
113;18604;41;-13;-993;502;4748;3805;-19;0;0;56535;
115;18867;62;-9;-995;509;4789;3798;-19;0;0;41436;
116;18986;47;-11;-992;474;4719;3805;-19;-19;-13;1574;
117;19194;43;-3;-996;492;4731;3815;-19;0;0;55768;
119;19549;44;-13;-993;587;4748;3817;-19;-19;-13;8562;
120;19665;39;-18;-994;485;4749;3801;0;-19;-13;50448;
121;19865;41;-15;-991;490;4787;3797;-19;0;0;58448;
123;20126;46;-6;-994;515;4757;3804;-19;-19;-13;31932;
125;20401;46;-17;-987;506;4751;3826;-19;-19;-13;41843;
127;20661;50;-15;-998;498;4749;3802;0;-19;-13;56349;
129;20934;47;-14;-994;494;4753;3803;-19;0;0;57859;
131;21194;45;-13;-992;513;4749;3804;-19;-19;-13;5194;
132;21324;45;-8;-995;480;4767;3799;0;-19;-13;11303;
133;21524;46;-7;-993;495;4749;3808;0;0;-13;53435;
135;21784;45;-13;-996;500;4774;3814;-19;0;0;57863;
137;22044;48;-19;-996;499;4755;3805;0;-19;-13;33302;
139;22303;39;-24;-996;525;4741;3807;-19;0;0;15897;
141;22589;53;23;-1031;452;4825;3756;-19;0;0;20673;
142;22705;69;-15;-996;517;4684;3807;0;-19;-13;38931;
143;22919;54;3;-996;501;4761;3801;0;-19;-13;26784;
145;23179;53;-5;-996;538;4732;3806;-19;0;0;51796;
147;24217;25;-46;-978;482;4767;3799;0;-19;-13;48216;
149;24476;43;-18;-989;547;4731;3806;0;0;0;676;
150;24592;47;18;-970;415;4799;3790;-19;0;0;27433;
151;24793;53;-17;-1001;492;4762;3801;0;-19;-13;2759;
153;25066;50;-10;-997;458;4771;3800;0;-19;-13;29417;
154;25195;48;-18;-991;495;4754;3804;-19;0;0;3788;
155;25395;38;-19;-996;605;4693;3817;-19;-19;-13;54749;
157;25655;44;-20;-987;488;4760;3802;0;-19;-13;8526;
161;26176;53;-15;-1007;495;4760;3803;-19;0;0;35007;
162;26309;48;-10;-988;482;4811;3803;-19;0;0;22025;
163;26513;50;-9;-995;491;4745;3803;-19;0;0;23737;
164;26636;41;-14;-997;459;4684;3805;0;0;0;35133;
164;26636;41;-14;-997;459;4684;3805;0;0;0;35133;
165;26838;46;-8;-996;511;4793;3803;-19;0;0;35429;
166;26955;51;-12;-992;505;4729;3804;-19;-19;-13;15037;
167;27099;57;16;-991;491;4760;3803;-19;-19;-13;63020;
167;27099;57;16;-991;491;4760;3803;-19;-19;-13;63020;
169;27374;54;-10;-992;499;4758;3801;-19;-19;-13;36742;
169;27374;54;-10;-992;499;4758;3801;-19;-19;-13;36742;
170;27491;52;-20;-1005;469;4775;3800;0;-19;-13;1699;
171;27635;50;-12;-1000;492;4751;3804;0;-19;-13;24534;
171;27635;50;-12;-1000;492;4751;3804;0;-19;-13;24534;
173;27897;47;-37;-988;519;4755;3803;0;0;0;61856;
175;28170;41;-6;-993;497;4755;3803;-19;0;0;15106;
176;28382;50;-10;-991;501;4767;3804;-19;-19;-13;3575;
177;28665;48;-11;-1001;488;4760;3802;0;0;0;55046;
179;28924;43;-12;-989;513;4746;3805;-19;0;0;23887;
181;29184;39;-14;-1005;496;4753;3803;0;-19;-13;33019;
183;29443;44;-20;-986;487;4760;3802;-19;0;0;48073;
184;29572;55;-5;-996;496;4759;3802;-19;-19;-13;28772;
185;29855;40;-30;-992;512;4749;3804;0;-19;-13;30417;
186;29972;51;-6;-1004;398;4811;3793;-19;0;0;7993;
187;30172;65;-3;-1001;496;4765;3803;-19;-19;-13;19090;
189;30445;43;-23;-992;498;4759;3799;0;-19;-13;46930;
190;30561;78;0;-994;536;4726;3793;0;0;0;21174;
191;30776;45;-11;-993;496;4763;3802;-19;0;0;41697;
193;31041;76;-59;-979;494;4792;3783;0;0;0;57571;
195;31301;41;-13;-994;496;4753;3805;-19;-19;-13;6339;
196;31416;45;-7;-999;494;4760;3804;0;-19;-13;47702;
197;31617;53;-11;-994;496;4755;3803;-19;0;0;61457;
199;31903;55;-5;-993;509;4744;3806;-19;0;0;24634;
201;32163;45;-17;-994;465;4754;3799;-19;-19;-13;41331;
203;32423;56;38;-1007;447;4809;3803;0;0;0;47828;
205;32683;83;-19;-996;499;4757;3828;-19;0;0;52814;
207;32956;62;0;-999;507;4721;3804;-19;-19;-13;16968;
208;33089;42;-19;-1000;497;4754;3803;-19;-19;-13;25125;
209;33293;51;-8;-996;495;4748;3804;-19;-19;-13;24545;
211;33560;48;-12;-1000;494;4756;3806;-19;0;0;34605;
212;33676;48;-9;-988;492;4748;3807;0;-19;-13;11600;
213;33877;48;-21;-999;500;4739;3803;0;-19;-13;975;
215;34137;54;10;-986;544;4726;3806;-19;0;0;10255;
217;34399;50;-11;-1001;414;4799;3780;-19;-19;-13;13498;
218;34515;43;-13;-990;493;4760;3801;0;-19;-13;37106;
219;34731;45;-18;-985;577;4709;3809;0;-19;-13;62275;
221;35004;40;-26;-990;433;4797;3797;0;0;0;49603;
223;35264;32;4;-977;518;4734;3817;-19;0;0;365;
225;35524;61;3;-997;566;4720;3799;0;-19;-13;53925;
227;35797;53;-18;-1009;493;4757;3805;0;0;0;35489;
229;36069;54;1;-995;496;4755;3804;-19;0;0;5734;
230;36199;49;-16;-995;496;4756;3803;-19;-19;-13;16862;
231;36399;54;-10;-998;525;4756;3804;0;-19;-13;51289;
233;36658;52;-10;-1001;496;4756;3802;-19;0;0;50588;
234;36775;53;-8;-996;490;4746;3803;-19;-19;-13;64730;
235;37058;54;-9;-999;530;4742;3792;0;-19;-13;60006;
237;37319;50;-14;-993;497;4755;3804;-19;0;0;761;
239;37592;57;-18;-1001;497;4760;3803;-19;0;0;25791;
241;37915;52;-11;-982;499;4757;3802;-19;-19;-13;50637;
243;38202;60;-11;-995;491;4777;3803;0;-19;-13;7427;
245;38462;59;-16;-1000;503;4737;3805;0;-19;-13;59957;
247;38722;48;-17;-1001;497;4759;3816;-19;0;0;52538;
249;38996;49;-13;-993;495;4757;3803;-19;-19;0;31909;
251;39257;51;-12;-993;497;4755;3799;0;-19;-13;18891;
252;39386;41;-14;-999;488;4795;3792;0;-19;-13;25571;
253;39587;59;-10;-996;495;4768;3802;-19;0;0;19495;
255;39852;61;-21;-988;494;4751;3802;-19;0;0;32346;
256;39971;54;-13;-1003;494;4760;3802;-19;0;0;21019;
257;40179;53;-13;-996;496;4764;3804;0;-19;-13;39016;
259;40439;52;-20;-998;496;4754;3805;-19;0;0;60929;
261;40700;52;-31;-996;495;4766;3804;-19;-19;-13;18076;
43950;1431682933;-21666;-21;-677;22517;30391;-20774;-21590;-19;-9;63319;
262;40816;14;-31;-997;500;4755;3784;0;-19;-13;62275;
263;41100;47;-9;-994;496;4755;3803;-19;0;0;60721;
264;41229;50;-8;-994;495;4758;3804;-19;0;0;39293;
265;41445;52;-3;-987;496;4757;3802;-19;0;0;62954;
267;41704;51;-14;-1005;495;4752;3802;0;-19;-13;60167;
269;41964;49;-6;-990;495;4756;3802;-19;0;0;62121;
271;42237;56;1;-982;495;4757;3803;-19;0;0;28106;
273;42496;53;-9;-996;496;4756;3804;0;-19;-13;60195;
275;42769;48;-13;-996;497;4756;3802;-19;0;0;13838;
277;43124;48;-16;-1000;498;4756;3803;-19;-19;-13;19029;
278;43239;46;-5;-992;498;4751;3802;0;-19;-13;24337;
279;43440;42;-8;-996;482;4801;3801;-19;0;0;37055;
281;43700;62;-6;-988;478;4822;3800;-19;-19;-13;7114;
283;43961;41;-18;-984;498;4756;3801;0;-19;-13;36727;
284;44077;43;-16;-997;495;4758;3802;-19;0;0;63135;
285;44278;50;-12;-985;497;4761;3803;-19;0;0;62463;
286;44408;54;-17;-1005;504;4736;3800;-19;-19;-13;8302;
287;45384;52;-14;-1008;492;4765;3801;-19;0;0;51848;
290;45760;56;-13;-998;487;4784;3801;0;0;0;18390;
291;45903;64;-6;-999;500;4744;3803;0;0;0;13143;
292;46019;45;-12;-977;501;4758;3803;-19;0;0;47666;
293;46301;62;-14;-990;500;4754;3801;0;-19;-13;53347;
294;46417;56;-13;-999;504;4719;3805;-19;0;0;38385;
297;46878;55;-17;-1001;496;4757;3802;0;-19;-13;3146;
298;46994;58;-4;-996;498;4756;3804;0;0;0;35143;
299;47195;40;-24;-980;498;4761;3803;-19;0;0;3757;
300;47311;78;3;-983;486;4793;3802;0;-19;-13;39783;
301;47515;54;-11;-985;492;4766;3796;0;-19;-13;11804;
303;47781;2;-8;-989;516;4678;3808;-19;-19;-13;3148;
305;48140;52;-10;-1007;492;4753;3802;0;-19;-13;15932;
307;48413;57;0;-990;488;4757;3800;0;-19;-13;36572;
309;48687;55;-16;-995;498;4764;3803;-19;0;0;3752;
311;48961;54;4;-997;497;4753;3802;-19;0;0;35358;
313;49222;53;-9;-985;502;4759;3799;-19;-19;-13;28374;
314;49337;64;0;-989;496;4764;3803;0;-19;-13;50343;
315;49537;54;-9;-997;494;4756;3801;-19;0;0;53007;
317;49854;33;-75;-1076;460;4742;3829;0;-19;-13;47164;
319;50113;-151;56;-1022;545;3939;3667;-19;0;0;10641;
320;50229;-224;23;-1028;292;4255;3195;0;-19;-13;55868;
321;50429;-291;-204;-936;504;3969;3497;0;-19;-13;46813;
323;50701;-304;-76;-867;-668;4457;3017;-19;0;0;52742;
325;50961;-521;-16;-598;20;5013;2401;0;-19;-13;28952;
327;51221;-566;-20;-884;726;4627;3424;0;-19;-13;49891;
329;51508;-524;-124;-845;330;4860;3731;0;0;0;39654;
331;51781;-407;-443;-1046;286;5520;2448;-19;0;0;41381;
333;52060;-64;-301;-830;921;4970;3384;-19;0;0;45604;
335;52319;-45;-234;-765;-747;5060;4845;-19;-19;-13;289;
336;52435;18;-195;-949;334;4763;4548;0;-19;-13;44449;
337;52635;139;-35;-964;-445;5149;4927;-19;0;0;15782;
339;52908;217;-149;-1106;493;4366;4327;-19;-19;0;48982;
341;53181;-3;-50;-1001;287;4561;4811;0;-19;-13;54098;
342;53296;172;-162;-1232;389;4589;3546;-19;0;0;65155;
343;53497;15;-16;-986;496;4754;3801;-19;-19;-13;3002;
345;53770;10;-21;-995;498;4755;3804;0;-19;-13;64873;
347;54029;9;-27;-1004;502;4753;3803;0;0;0;10461;
348;54148;7;-22;-993;498;4757;3803;-19;0;0;62806;
349;54433;12;-20;-996;496;4759;3803;-19;0;0;3972;
351;54796;20;-34;-1014;498;4756;3802;-19;0;0;34252;
353;55056;18;-28;-1009;495;4757;3803;-19;-19;-13;23592;
355;55329;18;-35;-1031;487;4764;3798;0;-19;-13;33748;
357;55590;10;-21;-975;496;4756;3803;0;0;0;1999;
358;55707;15;-30;-1006;497;4756;3802;-19;0;0;54695;
359;55909;12;-21;-991;502;4753;3802;-19;-19;-13;39415;
360;56038;14;-26;-996;494;4757;138;4608;389;18773;21058;
21995;1431690102;21845;-21;-661;22005;22197;24283;-21846;-19;-9;55126;
361;56182;16;-21;-991;497;4757;3803;0;-19;-13;54098;
363;56441;16;-18;-994;496;4756;3802;-19;0;0;36263;
364;56557;13;-24;-1000;498;4756;3803;-19;-19;-13;2994;
365;56841;9;-27;-995;496;4758;3802;0;-19;-13;27176;
367;57114;12;-28;-991;494;4761;3801;-19;0;0;13065;
369;57373;5;-26;-990;513;4745;3804;-19;-19;-13;30025;
370;57489;0;-32;-979;493;4758;3798;0;-19;-13;36659;
371;57689;15;-21;-994;495;4759;3802;-19;0;0;49122;
373;57963;11;-12;-998;534;4769;3804;-19;0;0;10307;
375;58222;10;-22;-996;500;4759;3802;0;-19;-13;56399;
376;58338;10;-16;-917;503;4767;3804;-19;0;0;47817;
377;58539;38;-15;-997;505;4754;3837;-19;0;0;60105;
379;58894;19;-19;-1003;480;4764;3808;0;-19;-13;47188;
380;59015;19;-18;-994;489;4762;3801;0;-19;-13;20097;
381;59229;6;-19;-998;490;4760;3803;0;-19;-13;18652;
383;59501;0;-32;-991;479;4766;3801;-19;0;0;11601;
385;59761;12;-17;-1000;491;4754;3802;-19;-19;-13;47056;
387;60020;12;-13;-994;511;4764;3802;0;-19;-13;22762;
389;60305;10;-15;-998;485;4750;3801;-19;0;0;20487;
391;60564;14;-25;-1006;492;4755;3803;-19;-19;-13;42206;
393;60837;11;-23;-967;511;4763;3801;0;-19;-13;37745;
394;60953;14;-13;-1004;497;4757;3803;-19;0;0;41406;
395;61156;7;-8;-1005;491;4754;3803;-19;0;0;1243;
397;61422;12;-19;-977;492;4760;3802;0;0;0;5550;
398;61541;25;-47;-998;540;4773;3803;-19;0;0;9822;
399;61741;13;-13;-996;487;4753;3801;-19;-19;-13;44457;
401;62000;20;-29;-990;503;4760;3802;0;-19;-13;40686;
402;62116;15;-14;-1008;502;4756;3802;-19;0;0;5117;
403;62331;26;-41;-983;481;4750;3802;-19;0;0;1278;
405;62593;16;-31;-1000;508;4760;3803;-19;-19;-13;44637;
407;62853;12;-27;-1018;488;4757;3803;0;-19;-13;51865;
409;63112;12;-35;-1000;506;4757;3803;-19;0;0;64712;
411;63481;8;-40;-1014;472;4745;3802;-19;-19;-13;46633;
413;63742;19;-28;-977;495;4757;3800;0;-19;-13;3453;
415;64014;10;-29;-998;468;4752;3802;-19;0;0;39416;
416;64131;23;-14;-976;476;4757;3799;-19;-19;-13;63245;
417;64345;17;-15;-1005;493;4750;3803;0;-19;-13;339;
419;64605;11;-28;-998;496;4759;3803;0;0;0;4125;
421;64864;20;-25;-998;490;4753;3802;-19;-19;-13;34047;
423;65138;15;-26;-983;500;4756;3803;-19;-19;-13;15628;
424;65268;14;-22;-999;496;4756;3802;0;-19;-13;14805;
426;65585;16;-31;-1013;491;4757;3803;-19;-19;-13;11894;
429;66763;15;-36;-1007;501;4752;3806;-19;0;0;736;
431;67022;-2;-11;-999;494;4762;3804;0;-19;-13;21710;
432;67151;2;-30;-1008;502;4757;3800;0;0;0;16852;
433;67352;29;-25;-989;507;4755;3770;-19;0;0;11328;
435;67611;12;-18;-990;487;4759;3803;0;-19;-13;285;
437;67966;16;-26;-995;496;4758;3803;-19;0;0;54415;
438;68082;11;-24;-993;494;4758;3801;-19;-19;-13;26862;
439;68282;17;-28;-996;495;4758;3802;0;-19;-13;476;
441;68541;10;-30;-991;493;4760;3802;-19;0;0;41049;
443;68807;12;-30;-1007;495;4757;3802;-19;0;0;38256;
445;69088;14;-27;-993;498;4756;3803;0;-19;-13;20142;
446;69216;10;-24;-995;495;4756;3802;0;0;0;46068;
447;69416;15;-26;-997;497;4756;3803;-19;0;0;65526;
449;69676;14;-24;-990;497;4755;3803;0;-19;-13;39001;
451;69937;14;-27;-995;495;4756;3802;-19;0;0;15013;
453;70212;3;-24;-1003;496;4756;3803;-19;0;0;28221;
455;70471;9;-24;-999;494;4757;3802;0;-19;-13;52910;
457;70839;20;-31;-982;501;4748;3803;0;0;0;64580;
459;71113;10;-22;-998;496;4755;3802;-19;0;0;53842;
460;71229;4;-20;-996;496;4757;3803;-19;-19;-13;595;
461;71429;16;-27;-986;498;4758;3803;0;-19;-13;48247;
463;71689;19;-24;-989;497;4756;3803;-19;0;0;15372;
465;71949;10;-27;-998;495;4759;3802;0;-19;-13;29016;
466;72065;16;-26;-998;497;4756;3803;0;0;0;35587;
467;72266;14;-25;-994;495;4755;3802;-19;0;0;57585;
468;72477;13;-27;-1000;496;4757;3803;0;-19;-13;10017;
469;72679;16;-27;-998;495;4758;3803;0;-19;-13;19885;
471;72939;13;-27;-997;494;4757;3803;-19;0;0;44205;
473;73199;13;-26;-993;496;4755;3803;-19;-19;-13;45013;
475;73491;16;-25;-1000;497;4756;3802;-19;0;0;37581;
477;73751;14;-27;-998;495;4757;3803;0;-19;-13;52528;
479;74024;15;-22;-992;495;4758;3802;0;-19;-13;55047;
481;74297;14;-28;-1000;495;4756;3803;-19;0;0;3800;
482;74413;13;-24;-996;498;4755;3801;-19;-19;-13;167;
483;74614;17;-24;-991;496;4758;3803;0;-19;-13;51544;
485;74873;15;-27;-997;496;4757;3803;-19;0;0;17848;
487;75133;15;-26;-991;497;4756;3802;-19;-19;-13;63067;
488;75249;12;-25;-999;497;4755;3802;0;-19;-13;823;
489;75453;14;-24;-999;497;4755;3801;0;-19;-13;14235;
491;75748;25;-20;-1000;485;4764;3794;-19;0;0;8630;
493;76022;12;-26;-988;496;4757;3802;-19;-19;-13;62855;
495;76281;0;-7;-982;504;4751;3643;0;-19;-13;2536;
497;76555;5;-67;-993;512;4723;3175;-19;0;0;50240;
499;76816;17;-29;-997;492;4759;3802;-19;0;0;36769;
500;76933;8;-37;-992;500;4754;3804;0;-19;-13;42706;
501;77148;17;-36;-987;499;4758;3803;0;-19;-13;55881;
503;77408;11;-34;-1000;495;4753;3803;-19;0;0;63807;
504;77524;13;-38;-998;497;4756;3803;-19;-19;-13;42783;
505;77725;20;-55;-1045;495;4755;3802;0;-19;-13;61062;
507;77984;6;-35;-1001;498;4756;3803;-19;0;0;7672;
509;78243;10;-40;-996;497;4756;3803;-19;-19;-13;44136;
511;78503;11;-31;-990;494;4756;3803;0;-19;-13;10185;
513;78804;16;-41;-996;497;4755;3802;0;-19;-13;25187;
515;79064;12;-36;-992;499;4754;3803;-19;0;0;8395;
517;79324;14;-35;-994;497;4755;3803;-19;-19;-13;16615;
518;79441;13;-36;-991;496;4756;3802;0;-19;-13;63229;
519;79642;15;-39;-997;496;4756;3801;0;0;0;21925;
521;79904;14;-34;-994;496;4757;3801;-19;0;0;13667;
522;80022;13;-36;-993;497;4754;3802;-19;0;0;37225;
523;80330;16;-35;-993;496;4756;3802;0;-19;-13;35891;
525;80590;15;-37;-997;496;4757;3802;0;0;0;31792;
527;80945;14;-34;-993;495;4759;3802;-19;-19;-13;21260;
529;81218;19;-37;-987;501;4753;3803;0;-19;-13;33928;
531;81477;19;-47;-986;496;4759;3801;-19;0;0;3794;
533;81737;15;-25;-993;494;4757;3803;-19;-19;-13;20971;
535;82036;13;-30;-986;497;4757;3802;-19;-19;-13;21037;
537;82303;17;-33;-991;497;4757;3802;-19;0;0;32786;
539;82570;17;-32;-996;496;4757;3803;0;0;0;883;
540;82686;9;-37;-994;497;4756;3802;-19;0;0;65081;
541;82887;14;-28;-993;496;4756;3801;0;-19;-13;4437;
543;83146;17;-31;-994;495;4754;3802;0;0;0;63279;
544;83262;15;-31;-988;495;4757;3802;-19;0;0;5810;
545;83465;17;-36;-1000;495;4758;3803;-19;-19;-13;18390;
547;83822;16;-32;-996;495;4757;3802;0;-19;-13;49901;
549;84095;17;-33;-990;495;4757;3803;0;0;0;23600;
551;84355;14;-32;-992;497;4756;3802;-19;0;0;12033;
553;84616;17;-32;-994;496;4757;3803;0;-19;-13;26089;
555;84888;15;-31;-996;496;4756;3802;0;-19;-13;5723;
556;85017;14;-33;-990;496;4756;3802;-19;0;0;1795;
557;85218;14;-33;-998;518;4743;3805;-19;-19;-13;17733;
559;85478;8;-85;-991;543;4772;3896;0;-19;-13;46457;
561;85737;20;-35;-989;497;4759;3802;-19;0;0;32238;
562;85853;14;-32;-994;495;4757;3802;-19;-19;-13;28970;
563;86054;15;-35;-990;496;4757;3802;0;-19;-13;48805;
565;86315;14;-32;-995;496;4756;3802;-19;0;0;64406;
566;86432;14;-34;-991;497;4756;3802;-19;0;0;2670;
567;86632;10;-35;-994;496;4757;3803;0;-19;-13;9439;
568;87507;-6;-29;-991;522;4734;3807;0;-19;-13;42461;
569;87710;16;-32;-996;495;4756;3803;0;-19;-13;36616;
571;87996;19;-32;-992;496;4756;3801;-19;0;0;54989;
573;88255;16;-30;-992;496;4756;3802;-19;-19;-13;46682;
575;88515;18;-32;-994;496;4756;3802;0;-19;-13;25139;
577;88788;16;-32;-993;496;4758;3801;-19;0;0;17320;
579;89060;19;-33;-994;496;4756;3802;-19;-19;-13;29750;
581;89333;19;-35;-988;497;4755;3803;0;-19;-13;56914;
583;89596;19;-32;-995;495;4757;3802;0;-19;-13;53804;
584;89711;13;-31;-991;495;4757;3802;-19;0;0;29571;
585;89999;20;-36;-990;496;4757;3802;-19;0;0;37576;
587;90263;16;-31;-996;496;4756;3803;-19;0;0;26051;
588;90380;15;-29;-993;496;4757;3802;-19;-19;-13;58960;
589;90580;16;-32;-993;497;4756;3802;0;-19;-13;46485;
590;90696;15;-32;-994;496;4758;3803;-19;0;0;56107;
591;90898;15;-34;-994;497;4757;3802;-19;-19;-13;49141;
595;91432;16;-33;-990;496;4756;3801;0;-19;-13;10267;
597;91692;16;-32;-994;496;4755;3801;-19;0;0;43994;
598;91808;16;-33;-996;496;4756;3802;0;-19;-13;14936;
599;92022;20;-37;-988;496;4754;3802;0;-19;-13;50508;
601;92282;15;-31;-993;495;4755;3803;-19;0;0;21271;
603;92554;19;-30;-995;495;4756;3802;-19;-19;-13;52287;
605;92908;18;-34;-990;494;4758;3802;0;0;0;32611;
606;93023;17;-31;-994;495;4757;3802;-19;0;0;21608;
607;93224;18;-37;-991;496;4754;3802;0;-19;-13;86;
609;93484;19;-33;-993;497;4756;3802;0;0;0;14679;
611;93839;19;-30;-995;495;4757;3802;-19;-19;-13;2223;
613;94099;13;-36;-996;494;4756;3803;0;-19;-13;21493;
615;94390;17;-33;-990;496;4756;3802;-19;-19;-13;35443;
617;94650;14;-33;-994;495;4756;3802;0;-19;-13;47488;
619;94923;17;-31;-996;496;4756;3803;-19;0;0;45482;
620;95039;16;-35;-996;495;4758;3804;-19;-19;-13;60676;
623;95512;16;-39;-1000;497;4757;3802;0;0;0;52735;
624;95628;15;-24;-990;496;4758;3803;-19;0;0;4701;
625;95829;19;-32;-991;495;4758;3801;-19;-19;-13;17662;
627;96088;13;-35;-995;496;4755;3803;0;0;0;42247;
628;96204;18;-32;-999;496;4756;3802;-19;0;0;5868;
629;96405;17;-32;-994;497;4756;3802;-19;-19;-13;58642;
631;96671;16;-35;-994;496;4756;3802;-19;-19;-13;29912;
633;96952;19;-33;-995;496;4756;3803;0;0;0;17542;
635;97212;15;-36;-994;495;4755;3801;-19;0;0;59093;
637;97579;17;-30;-996;496;4755;3802;0;-19;-13;34490;
639;97840;14;-34;-994;496;4757;3803;0;0;0;15557;
641;98114;16;-31;-992;496;4757;3804;-19;0;0;9675;
642;98231;16;-30;-996;495;4757;3803;-19;-19;-13;25102;
643;98528;17;-35;-991;496;4757;3802;0;-19;-13;25140;
645;98787;17;-30;-992;496;4758;3804;-19;0;0;20600;
647;99047;17;-30;-993;496;4756;3803;-19;-19;-13;1198;
649;99320;15;-30;-994;495;4756;3802;0;-19;-13;48390;
651;99593;14;-35;-996;497;4756;3803;0;0;0;35333;
653;99853;16;-36;-996;497;4756;3803;-19;0;0;50673;
655;100126;16;-29;-997;496;4757;3802;0;-19;-13;34679;
657;100400;16;-33;-996;496;4756;3802;0;-19;-13;47124;
658;100516;17;-34;-995;495;4756;3802;-19;0;0;62461;
659;100717;20;-36;-989;496;4757;3803;-19;0;0;47698;
661;100979;17;-31;-994;496;4755;3802;-19;-19;-13;36122;
663;101258;13;-31;-991;496;4756;3802;-19;0;0;47168;
664;101374;16;-33;-994;497;4755;3802;0;-19;-13;60869;
665;101588;18;-31;-993;495;4757;3803;0;-19;-13;4176;
667;101847;17;-31;-995;496;4756;3803;-19;0;0;5431;
669;102106;19;-35;-991;497;4756;3802;0;-19;-13;58847;
671;102379;17;-31;-995;496;4756;3803;0;-19;-13;59718;
673;102651;18;-35;-990;497;4757;3801;-19;0;0;42172;
674;102767;18;-32;-999;497;4757;3802;0;-19;-13;38028;
675;102967;18;-32;-993;496;4758;3802;0;0;0;26811;
677;103243;17;-34;-995;497;4755;3803;0;-19;-13;6719;
679;103519;17;-31;-996;495;4757;3803;0;0;0;32463;
680;103642;20;-33;-995;496;4756;3802;0;-19;-13;51820;
681;103843;13;-32;-996;496;4755;3802;0;0;0;47872;
682;103959;16;-34;-991;497;4755;3801;-19;0;0;37732;
683;104103;15;-38;-996;495;4755;3802;-19;0;0;25514;
683;104103;15;-38;-996;495;4755;3802;-19;0;0;25514;
685;104363;14;-32;-993;496;4756;3802;0;-19;-13;14628;
685;104363;14;-32;-993;496;4756;3802;0;-19;-13;14628;
686;104494;19;-32;-994;496;4756;3802;0;-19;-13;44732;
687;104696;17;-33;-989;495;4755;3802;-19;0;0;24807;
689;104957;16;-33;-994;496;4757;3803;-19;0;0;62353;
691;105217;18;-33;-992;495;4756;3802;0;-19;-13;38263;
693;105491;13;-37;-994;495;4758;3801;0;-19;-13;38487;
695;105765;16;-35;-996;497;4756;3803;-19;0;0;28817;
696;105880;20;-36;-994;496;4754;3803;-19;-19;-13;20483;
697;106163;17;-33;-996;495;4756;3803;0;-19;-13;23964;
699;106422;14;-38;-995;496;4755;3802;-19;0;0;17924;
701;106777;19;-33;-996;496;4755;3802;0;-19;-13;7906;
702;106893;16;-33;-994;496;4756;3801;0;0;0;61223;
703;107094;19;-39;-997;496;4756;3803;-19;0;0;55842;
705;107356;16;-33;-995;495;4756;3802;-19;-19;-13;50127;
706;107473;15;-31;-993;496;4757;3803;0;-19;-13;38451;
707;107675;15;-36;-996;495;4758;3801;0;-19;-13;13293;
708;107792;14;-38;-994;495;4757;3803;-19;0;0;31956;
709;108753;18;-31;-993;496;4757;3803;-19;0;0;1224;
711;109027;16;-30;-993;495;4756;3803;-19;0;0;57499;
713;109301;18;-31;-993;494;4756;3803;-19;-19;-13;25650;
715;109574;16;-32;-995;496;4757;3801;0;-19;-13;11866;
717;109847;20;-36;-989;496;4757;3802;0;0;0;50426;
719;110120;16;-30;-992;497;4755;3802;-19;0;0;31388;
722;110495;16;-34;-995;495;4757;3802;0;0;0;55595;
723;110695;16;-31;-996;496;4756;3803;-19;0;0;46080;
725;110961;15;-34;-994;496;4756;3802;-19;0;0;19483;
727;111323;17;-32;-991;495;4756;3802;-19;0;0;19135;
728;111439;19;-36;-993;494;4757;3802;-19;-19;0;46058;
729;111640;14;-33;-994;495;4756;3803;0;-19;-13;34851;
730;111755;18;-32;-995;496;4756;3801;-19;0;0;7329;
731;111955;18;-32;-995;496;4757;3802;-19;-19;-13;65315;
733;112216;16;-30;-992;494;4756;3803;0;-19;-13;56800;
735;112478;17;-33;-993;496;4756;3803;0;-19;-13;20782;
736;112593;17;-35;-992;497;4757;3803;-19;0;0;4161;
737;112793;11;-37;-994;497;4755;3803;-19;-19;-13;48067;
738;112922;15;-29;-993;496;4755;3801;0;-19;-13;55191;
739;113122;13;-37;-994;495;4756;3803;-19;0;0;64508;
741;113382;14;-33;-996;496;4756;3802;-19;-19;-13;49123;
743;113642;19;-34;-989;496;4757;3803;0;-19;-13;8644;
744;113758;16;-30;-992;495;4756;3802;-19;0;0;3919;
745;113958;14;-37;-996;497;4754;3803;-19;-19;-13;6738;
746;114074;15;-32;-993;495;4757;3803;0;-19;-13;37479;
747;114274;18;-33;-995;494;4756;3802;-19;0;0;23106;
749;114536;17;-30;-995;497;4754;3802;-19;-19;-13;39379;
751;114809;11;-40;-994;497;4756;3802;0;-19;-13;57172;
753;115097;18;-33;-993;495;4757;3802;0;-19;-13;64892;
755;115455;17;-31;-995;495;4758;3802;0;-19;-13;52504;
757;115717;12;-36;-994;495;4756;3802;0;0;0;47228;
758;115833;17;-34;-993;495;4756;3802;-19;0;0;48624;
759;116033;17;-32;-996;497;4756;3803;0;-19;-13;14946;
760;116244;16;-33;-996;496;4756;3803;-19;0;0;33045;
761;116445;16;-37;-995;496;4756;3803;-19;-19;-13;15228;
763;116704;19;-31;-995;495;4756;3802;0;-19;-13;2921;
765;116964;15;-33;-992;495;4756;3802;-19;0;0;7405;
766;117080;16;-30;-993;496;4756;3802;-19;-19;-13;25889;
767;117280;16;-31;-993;495;4756;3803;0;-19;-13;29938;
769;117540;18;-35;-993;496;4756;3803;-19;0;0;7999;
770;117673;16;-34;-996;496;4755;3803;-19;0;0;57794;
771;117877;15;-32;-993;497;4756;3802;-19;0;0;26288;
773;118145;16;-34;-992;495;4756;3803;0;-19;-13;19637;
775;118418;13;-34;-996;495;4757;3803;0;0;0;19582;
777;118678;16;-35;-996;496;4756;3802;-19;0;0;23616;
779;118940;15;-30;-994;496;4755;3803;0;-19;-13;2173;
780;119057;15;-39;-998;496;4757;3803;0;-19;-13;25825;
781;119273;19;-31;-996;496;4755;3803;0;-19;-13;18961;
783;119628;20;-37;-990;496;4755;3803;-19;0;0;20433;
785;119888;19;-32;-994;497;4755;3802;0;-19;-13;34943;
787;120149;16;-36;-996;496;4757;3802;0;-19;-13;35621;
788;120265;13;-38;-995;495;4757;3802;-19;0;0;55755;
789;120479;16;-35;-993;496;4755;3802;-19;-19;-13;29732;
791;120740;17;-31;-995;496;4757;3802;0;-19;-13;60965;
793;121071;16;-30;-994;496;4756;3802;-19;0;0;16466;
795;121331;20;-33;-990;497;4754;3801;-19;-19;-13;52456;
797;121606;13;-35;-994;496;4755;3803;-19;-19;-13;43578;
799;121866;16;-34;-992;495;4755;3803;0;-19;-13;57158;
801;122127;14;-35;-996;496;4756;3800;-19;0;0;63909;
802;122245;17;-33;-993;496;4756;3802;-19;0;0;11791;
803;122489;20;-37;-989;495;4758;3803;-19;0;0;18089;
805;122748;18;-35;-990;497;4756;3803;-19;-19;-13;33747;
807;123008;13;-38;-985;496;4759;3802;0;-19;-13;40496;
809;123268;18;-33;-992;496;4757;3803;-19;0;0;29153;
810;123384;13;-36;-994;495;4757;3801;-19;-19;-13;62195;
811;123585;14;-34;-994;496;4757;3802;0;-19;-13;31826;
813;123844;17;-33;-994;496;4755;3802;-19;0;0;19536;
815;124213;18;-36;-996;496;4756;3802;-19;-19;-13;950;
817;124476;16;-31;-995;496;4755;3803;-19;-19;-13;35056;
819;124836;19;-34;-991;495;4756;3802;-19;-19;-13;17514;
821;125101;13;-36;-992;496;4756;3803;-19;-19;-13;22769;
823;125360;15;-34;-996;496;4756;3802;0;-19;-13;61350;
824;125476;17;-33;-992;496;4756;3802;-19;0;0;24352;
825;125718;14;-34;-995;495;4757;3802;0;0;0;2138;
827;125979;14;-33;-997;496;4757;3803;-19;0;0;42001;
829;126241;16;-32;-995;496;4757;3802;-19;-19;-13;59580;
831;126500;19;-31;-995;497;4755;3802;0;0;0;20285;
832;126616;16;-34;-996;496;4755;3802;-19;0;0;56511;
833;126818;14;-34;-994;496;4757;3802;-19;-19;-13;44825;
834;126934;17;-32;-994;495;4757;3801;0;-19;-13;2132;
835;127135;17;-34;-993;496;4756;3802;-19;0;0;26678;
837;127409;12;-37;-995;496;4756;3801;-19;0;0;21106;
839;127669;16;-32;-995;495;4755;3801;0;-19;-13;5919;
841;127943;13;-36;-996;495;4757;3803;0;-19;-13;29164;
843;128203;14;-31;-995;497;4755;3803;-19;0;0;10550;
845;128464;16;-31;-996;496;4756;3802;-19;-19;-13;4451;
846;128593;18;-33;-991;495;4756;3801;0;-19;-13;61686;
847;128820;15;-41;-998;495;4757;3802;0;-19;-13;61230;
849;129839;17;-31;-992;495;4755;3801;0;-19;-13;4996;
851;130099;17;-34;-992;495;4758;3802;-19;0;0;37662;
853;130358;18;-33;-995;496;4756;3803;0;-19;-13;43241;
855;130631;15;-33;-994;496;4755;3803;-19;0;0;57435;
856;130746;16;-31;-993;495;4756;3803;-19;-19;-13;53077;
857;130947;20;-34;-992;497;4755;3802;0;-19;-13;1789;
859;131220;17;-30;-995;497;4756;3802;0;0;0;1668;
861;131492;16;-32;-993;496;4756;3802;-19;0;0;27816;
863;131765;18;-31;-992;496;4756;3803;0;-19;-13;54867;
865;132032;18;-33;-994;497;4756;3803;-19;0;0;43155;
866;132148;15;-35;-993;496;4756;3802;0;-19;-13;11874;
867;132439;16;-33;-994;495;4755;3802;-19;-19;-13;43736;
868;132555;18;-36;-988;495;4756;3803;0;-19;-13;19330;
869;132769;16;-33;-995;497;4755;3802;0;0;0;44512;
871;133029;19;-30;-998;496;4755;3803;-19;0;0;17978;
873;133291;14;-34;-993;496;4756;3802;0;-19;-13;10166;
875;133552;14;-32;-996;496;4756;3801;0;-19;-13;14397;
877;133909;15;-29;-990;496;4756;3801;-19;0;0;15786;
879;134182;11;-36;-991;496;4756;3802;-19;0;0;37594;
881;134458;19;-32;-994;495;4757;3803;-19;-19;-13;18476;
883;134731;18;-34;-996;495;4755;3802;0;-19;-13;15891;
885;134991;16;-29;-992;495;4756;3803;0;0;0;28210;
887;135251;12;-35;-993;496;4757;3801;-19;0;0;53357;
888;135367;14;-35;-995;497;4755;3803;0;-19;-13;4507;
889;135569;18;-33;-995;496;4755;3802;0;-19;-13;4219;
890;135685;17;-32;-993;497;4756;3801;-19;0;0;3872;
891;135913;15;-34;-994;495;4757;3803;-19;0;0;53171;
893;136173;15;-31;-996;495;4757;3802;-19;-19;-13;34934;
895;136432;18;-34;-993;495;4756;3801;0;0;0;18084;
897;136793;15;-32;-993;495;4756;3803;0;-19;-13;58806;
898;136922;16;-30;-993;496;4756;3802;-19;0;0;54715;
899;137123;12;-38;-995;497;4756;3802;-19;-19;-13;24306;
901;137382;19;-34;-993;497;4755;3802;0;-19;-13;59116;
903;137735;13;-34;-993;495;4754;3803;-19;-19;-13;7479;
905;138008;13;-36;-996;496;4757;3802;0;-19;-13;3514;
907;138267;16;-31;-994;497;4755;3802;-19;0;0;45198;
909;138526;18;-32;-995;495;4757;3802;-19;-19;-13;46651;
911;138799;15;-31;-993;496;4756;3802;0;-19;-13;34295;
912;138918;16;-36;-999;495;4757;3802;0;-19;-13;36547;
913;139137;17;-39;-998;495;4755;3802;0;-19;-13;12649;
915;139402;20;-31;-988;499;4755;3802;0;-19;-13;7217;
917;139661;20;-33;-993;494;4759;3802;0;0;0;17973;
919;139921;9;-36;-996;495;4757;3803;-19;-19;0;5043;
920;140052;17;-37;-988;496;4756;3804;-19;-19;-13;38057;
921;140252;13;-35;-994;495;4757;3801;0;-19;-13;31559;
923;140514;9;-37;-995;495;4755;3803;0;0;0;33459;
924;140630;16;-30;-991;495;4756;3802;-19;0;0;48742;
925;140831;13;-36;-996;496;4756;3803;-19;-19;-13;51651;
927;141106;15;-35;-993;497;4756;3801;0;-19;-13;19047;
929;141366;15;-30;-994;495;4757;3802;-19;0;0;41788;
930;141481;16;-34;-991;494;4757;3801;-19;-19;-13;37972;
931;141682;11;-36;-993;496;4756;3802;0;-19;-13;43902;
933;141956;17;-38;-996;498;4757;3802;0;-19;-13;25854;
934;142072;17;-34;-989;497;4757;3801;-19;0;0;65148;
935;142354;11;-32;-998;496;4755;3803;0;-19;-13;21356;
936;142485;16;-33;-995;497;4754;3802;0;-19;-13;37347;
937;142628;17;-36;-991;495;4756;3802;0;-19;-13;29251;
939;142902;11;-31;-997;495;4755;3803;-19;0;0;4919;
941;143163;13;-35;-993;497;4756;3801;-19;0;0;23907;
943;143456;14;-29;-997;495;4755;3803;0;0;0;39216;
946;143832;16;-33;-994;496;4754;3800;0;-19;-13;42089;
947;144033;18;-32;-993;496;4756;3802;0;-19;-13;42916;
948;144149;20;-33;-994;495;4756;3802;-19;0;0;52207;
949;144350;16;-33;-1000;495;4758;3801;-19;-19;-13;48314;
951;2147890401;279;-33;-995;495;4755;3802;0;-19;-13;20538;
951;144609;19;-33;-995;495;4755;3802;0;-19;-13;20538;
952;144725;16;-30;-996;496;4755;3801;-19;0;0;7362;
953;145008;12;-31;-991;496;4756;3803;0;-19;-13;61126;
955;145268;13;-27;-991;494;4755;3804;0;0;0;21725;
957;145528;12;-31;-998;496;4757;3802;-19;0;0;57270;
959;145808;6;-25;-1001;499;4752;3802;0;0;0;52100;
961;146076;31;-62;-994;501;4760;3916;0;-19;-13;2360;
962;146192;70;5;-989;465;4807;5021;-19;0;0;37970;
963;146392;-27;-5;-999;492;4769;4023;-19;0;0;41172;
967;146927;12;-19;-989;495;4755;3802;1;-19;-13;37334;
968;147043;12;-30;-1003;497;4760;3804;-18;0;0;55967;
969;147260;19;-26;-1015;490;4755;3803;-18;0;0;43433;
970;147375;20;-28;-987;496;4757;3796;-18;-19;-13;53416;
971;147576;16;-24;-993;496;4756;3802;0;-19;-13;65020;
973;147837;12;-27;-998;496;4757;3802;-18;0;0;2053;
975;148111;17;-25;-996;494;4757;3803;-18;0;0;17329;
