145;23718;2816;99466;47;-0.238448;52.790764;0
146;24383;2815;99465;47;-0.111234;61.789661;0
147;24846;2815;99465;47;-0.111234;63.935421;0
148;25349;2814;99465;47;-0.130543;53.288235;0
149;25836;2814;99465;47;-0.074831;47.449570;0
150;26404;2814;99464;47;-0.013965;46.503986;0
151;26893;2813;99462;47;0.132075;49.484943;0
152;27408;2813;99462;47;0.155749;42.231220;0
153;27908;2812;99462;47;0.097794;41.441326;0
154;28411;2812;99462;47;0.097794;40.434319;0
155;29026;2813;99463;47;0.093762;84.045059;0
156;29467;2811;99464;48;-0.036440;55.045219;0
157;29992;2810;99465;48;-0.075719;53.412910;0
158;30481;2810;99463;48;0.051309;50.576847;0
159;31045;2811;99462;48;0.162394;52.542782;0
160;31546;2810;99463;48;0.081110;48.522694;0
161;32059;2810;99463;48;0.045524;49.364235;0
162;32651;2809;99462;48;0.099974;47.330948;0
163;33205;2809;99462;48;0.130407;44.983967;0
164;33747;2809;99462;48;0.130407;44.404751;0
165;34240;2809;99462;48;0.117524;45.799896;0
166;34754;2809;99463;48;0.067596;46.151398;0
167;35346;2809;99465;48;-0.099196;58.244366;0
168;35852;2809;99463;48;0.013344;65.840729;0
169;36394;2810;99466;48;-0.188890;62.056046;0
170;36949;2809;99463;48;0.053596;65.020996;0
171;37437;2810;99465;48;-0.107269;66.527519;0
172;37951;2810;99464;48;-0.007125;93.422806;0
173;38553;2810;99465;48;-0.147664;91.796181;0
174;39110;2809;99462;48;0.108335;84.664352;0
175;39576;2809;99462;48;0.108335;73.870987;0
176;40071;2809;99462;48;0.148101;62.456600;0
177;40628;2809;99464;48;-0.026564;62.724285;0
178;41175;2807;99463;48;0.019534;74.451279;0
179;41691;2809;99465;48;-0.113336;68.328857;0
180;42300;2809;99465;48;-0.104978;66.941193;0
181;42754;2810;99463;48;0.077416;75.472183;0
182;43362;2810;99465;48;-0.105179;66.941193;0
183;43858;2810;99465;48;-0.105665;63.261257;0
184;44364;2810;99465;48;-0.105665;64.748810;0
185;44869;2810;99461;48;0.190103;69.870918;0
186;45428;2810;99465;48;-0.118548;68.189484;0
187;45919;2811;99466;48;-0.159287;69.730049;0
188;46539;2811;99465;48;-0.139161;84.509308;0
189;46982;2811;99462;48;0.107315;76.352753;0
190;47590;2811;99462;48;0.105077;63.800320;0
191;48110;2811;99464;48;-0.001194;68.328857;0
192;48611;2812;99467;48;-0.277808;71.429512;0
193;49142;2811;99464;48;-0.001826;106.652878;0
194;49645;2811;99464;48;-0.001826;90.184914;0
195;50193;2811;99466;48;-0.226277;109.489418;0
196;50708;2809;99467;48;-0.290776;73.726257;0
197;51217;2810;99471;48;-0.627757;59.415676;0
198;51823;2810;99469;48;-0.434232;61.391071;0
199;52280;2809;99474;48;-0.851497;51.801823;0
200;52783;2808;99473;48;-0.758737;49.243652;0
201;53434;2809;99473;48;-0.764867;55.551746;0
202;53914;2809;99471;48;-0.603730;49.484943;0
203;54407;2809;99471;48;-0.603730;41.328968;0
204;54977;2809;99474;48;-0.845367;33.652180;0
205;55469;2808;99469;48;-0.491334;42.571537;0
206;56088;2809;99470;48;-0.543354;49.364235;0
207;56634;2808;99470;48;-0.511595;39.216522;0
208;57077;2808;99470;48;-0.528031;23.832020;0
209;57648;2808;99468;48;-0.369118;21.646652;0
210;58142;2808;99474;48;-0.915337;17.308870;0
211;58749;2807;99470;48;-0.552469;10.040769;0
212;59217;2807;99473;48;-0.773487;7.865580;0
213;59775;2807;99470;48;-0.563887;5.764651;0
214;60291;2807;99470;48;-0.563887;4.473581;0
215;60796;2807;99470;48;-0.524614;9.681086;0
216;61390;2807;99466;48;-0.175731;12.267482;0
217;61859;2807;99467;48;-0.274757;24.388781;0
218;62364;2807;99464;48;-0.055466;8.971802;0
219;62972;2807;99465;48;-0.100245;27.234589;0
220;63426;2807;99467;48;-0.264451;14.528079;0
221;63932;2808;99466;48;-0.170302;8.070260;0
222;64501;2808;99466;48;-0.194467;8.691906;0
223;64995;2808;99466;48;-0.194467;12.039616;0
224;65613;2808;99468;48;-0.387017;16.642092;0
225;66172;2808;99468;48;-0.334371;18.238031;0
226;66624;2809;99465;48;-0.153934;9.112573;0
227;67286;2809;99464;48;0.008677;11.288330;0
228;67728;2809;99467;48;-0.268074;13.190248;0
229;68234;2809;99464;48;-0.007269;72.286652;0
230;68749;2810;99467;48;-0.263267;139.929901;0
231;69308;2811;99470;48;-0.540706;107.357979;0
232;69812;2811;99467;48;-0.314025;120.894844;0
233;70371;2812;99466;48;-0.160600;97.390167;0
234;70967;2811;99465;48;-0.159142;105.425331;0
235;71537;2811;99469;48;-0.493840;94.900047;0
236;71993;2811;99469;48;-0.493840;96.722679;0
237;72588;2811;99465;48;-0.097159;86.066422;0
238;73055;2812;99463;48;0.050146;75.765167;0
239;73546;2812;99463;48;0.019080;109.489418;0
240;74118;2811;99465;48;-0.120347;81.743607;0
241;74622;2811;99465;48;-0.079609;86.066422;0
242;75230;2813;99468;48;-0.407121;88.271439;0
243;75791;2812;99463;48;0.043537;77.386467;0
244;76233;2812;99463;48;0.043537;81.135384;0
245;76749;2812;99464;48;-0.053063;51.801823;0
246;77308;2813;99462;48;0.108735;62.322948;0
247;77812;2813;99465;48;-0.100411;74.305992;0
248;78316;2812;99463;48;0.050781;78.129097;0
249;78820;2813;99468;48;-0.367841;73.726257;0
250;79337;2813;99465;48;-0.114750;57.856266;0
251;79854;2813;99463;48;0.011648;100.936310;0
252;80451;2813;99464;48;-0.051793;69.730049;0
253;80907;2813;99464;48;-0.051793;53.662647;0
254;81465;2813;99467;48;-0.260937;67.217651;0
255;81969;2813;99466;48;-0.230990;76.352753;0
256;82618;2813;99466;48;-0.208773;74.596703;0
257;83061;2813;99466;48;-0.220684;65.977814;0
258;83620;2814;99467;48;-0.268518;65.977814;0
259;84136;2813;99468;48;-0.369784;62.992500;0
260;85368;2813;99466;48;-0.232932;72.717072;0
261;85914;2813;99467;48;-0.309891;80.076645;0
262;86370;2814;99466;48;-0.222962;95.230026;0
263;86928;2813;99464;48;0.007131;82.660240;0
264;87523;2814;99466;48;-0.209594;92.770294;0
265;88123;2814;99469;48;-0.422285;74.160851;0
266;88565;2814;99469;48;-0.422285;55.045219;0
267;89123;2813;99465;48;-0.150335;87.165237;0
268;89671;2813;99465;48;-0.145182;64.206009;0
269;90199;2814;99467;48;-0.276733;62.590378;0
270;90819;2813;99464;48;0.003585;59.024055;0
271;91261;2813;99464;48;-0.068223;95.064949;0
272;91869;2814;99464;48;-0.042792;66.527519;0
273;92365;2814;99466;48;-0.224568;61.258472;0
274;92911;2814;99468;48;-0.369486;65.293709;0
275;93560;2815;99466;48;-0.174191;69.870918;0
276;94017;2815;99468;48;-0.357908;69.448730;0
277;94508;2815;99468;48;-0.357908;60.202335;0
278;95091;2815;99464;48;-0.030572;78.427139;0
279;95686;2816;99466;48;-0.191434;82.966949;0
280;96154;2816;99464;48;-0.035897;75.179787;0
281;96670;2816;99466;48;-0.160845;72.286652;0
282;97162;2816;99467;48;-0.252783;74.015846;0
283;97732;2817;99466;48;-0.219134;90.345352;0
284;98224;2816;99467;48;-0.295614;68.050247;0
285;98833;2817;99468;48;-0.346657;108.065811;0
286;99288;2817;99469;48;-0.437955;83.274254;0
287;99792;2817;99469;48;-0.437955;70.294380;0
288;100424;2817;99466;48;-0.233468;55.805763;0
289;100867;2817;99466;48;-0.233468;61.656673;0
290;101359;2817;99468;48;-0.399638;68.887711;0
291;101888;2817;99468;48;-0.373390;58.633640;0
292;102433;2818;99471;48;-0.604452;69.027756;0
293;102947;2818;99469;48;-0.488843;53.662647;0
294;103452;2819;99468;48;-0.361487;65.293709;0
295;104046;2820;99470;48;-0.555997;52.295300;0
296;104556;2819;99467;47;-0.302071;47.212452;0
297;105072;2819;99467;47;-0.302071;47.094070;0
298;105679;2820;99467;47;-0.285325;39.326637;0
299;106134;2821;99468;47;-0.395623;43.828575;0
300;106626;2821;99466;47;-0.185324;41.666420;0
301;107196;2822;99468;47;-0.357616;37.795753;0
302;107703;2822;99469;47;-0.426693;39.768280;0
303;108218;2823;99466;47;-0.195128;45.216484;0
304;108826;2823;99466;47;-0.176925;41.104595;0
305;109268;2823;99465;47;-0.129421;37.470711;0
306;109814;2823;99465;47;-0.129421;35.013657;0
307;110305;2824;99466;47;-0.238583;36.181068;0
308;110896;2825;99463;47;0.027933;30.384308;0
309;111441;2826;99466;47;-0.243872;27.524866;0
310;111989;2825;99466;47;-0.216668;23.739637;0
311;112595;2825;99465;47;-0.110218;18.323208;0
312;113051;2826;99465;47;-0.128077;15.412530;0
313;113670;2826;99464;47;-0.024199;12.649776;0
314;114239;2827;99466;47;-0.225313;10.623146;0
315;114744;2827;99465;47;-0.117419;10.040769;0
316;115259;2828;99464;47;-0.027858;8.483435;0
317;115776;2828;99464;47;-0.017852;8.138771;0
318;116281;2828;99464;47;-0.017852;6.664843;0
319;116840;2829;99466;47;-0.167444;9.183164;0
320;117332;2829;99467;47;-0.251676;9.253889;0
321;117849;2830;99465;47;-0.103637;11.963915;0
322;118456;2830;99467;47;-0.271922;15.412530;0
323;118911;2831;99464;47;-0.005195;15.901117;0
324;119530;2831;99467;47;-0.289587;17.813913;0
325;119985;2832;99464;47;-0.028670;16.147034;0
326;120511;2831;99465;47;-0.075224;16.642092;0
327;121057;2831;99465;47;-0.075224;17.308870;0
328;121615;2832;99464;47;-0.001101;18.493914;0
329;122107;2833;99464;47;-0.004632;23.004713;0
330;122624;2833;99464;47;-0.066454;24.109896;0
331;123231;2833;99463;47;0.080277;26.179100;0
332;123686;2833;99463;47;0.074649;26.179100;0
333;124203;2834;99460;47;0.325759;26.657141;0
334;124707;2835;99461;47;0.219196;27.524866;0
335;125237;2834;99460;47;0.267661;24.762234;0
336;125742;2834;99460;47;0.267661;32.618252;0
337;126391;2835;99460;47;0.285609;31.392788;0
338;126846;2835;99460;47;0.285609;29.486536;0
339;127350;2836;99463;47;0.060165;34.278111;0
340;127998;2836;99465;48;-0.146014;32.618252;0
341;128454;2836;99462;48;0.106728;37.578941;0
342;129060;2837;99462;48;0.130584;38.886890;0
343;129607;2836;99466;47;-0.162898;38.777248;0
344;130076;2837;99463;47;0.090798;39.657696;0
345;130581;2838;99463;47;0.038530;38.013042;0
346;131150;2838;99462;47;0.143388;38.449020;0
347;131644;2838;99462;47;0.143388;35.013657;0
348;132171;2838;99468;47;-0.340908;41.891983;0
349;132767;2838;99462;47;0.136338;45.216484;0
350;133222;2839;99466;47;-0.161631;38.777248;0
351;133739;2838;99461;47;0.224116;63.935421;0
352;134230;2839;99465;47;-0.120218;64.070648;0
353;134774;2839;99463;47;0.091600;76.500008;0
354;135266;2839;99463;47;0.071469;67.217651;0
355;135873;2839;99464;47;-0.006956;61.523808;0
356;136328;2839;99464;47;-0.006956;69.589317;0
357;136845;2839;99464;47;-0.001804;75.765167;0
358;137505;2840;99463;47;0.036561;84.045059;0
359;137948;2839;99460;47;0.306679;100.936310;0
360;138463;2839;99460;47;0.281869;100.085548;0
361;138979;2840;99464;47;-0.002075;91.796181;0
362;139538;2840;99465;47;-0.123338;80.529510;0
363;140053;2840;99463;47;0.033036;96.223709;0
364;140559;2840;99466;47;-0.219046;105.600204;0
365;141050;2840;99466;47;-0.219046;102.134064;0
366;141580;2841;99466;47;-0.224470;108.065811;0
367;142174;2841;99467;47;-0.302419;96.057716;0
368;142745;2841;99466;47;-0.195459;95.064949;0
369;143202;2840;99467;47;-0.276662;90.988632;0
370;143694;2841;99467;47;-0.263106;79.625061;0
371;144264;2841;99466;47;-0.228264;69.870918;0
372;144769;2841;99467;47;-0.247651;57.856266;0
373;145388;2841;99467;47;-0.259581;47.925297;0
374;145831;2841;99467;47;-0.259581;59.546467;0
375;146408;2841;99463;47;0.034395;76.205643;0
376;147028;2841;99462;47;0.146245;72.860825;0
377;147471;2841;99462;47;0.146245;62.724285;0
378;147989;2842;99465;48;-0.089978;62.322948;0
379;148506;2844;99466;48;-0.171717;63.800320;0
380;149052;2844;99465;48;-0.127721;68.887711;0
381;149580;2844;99466;48;-0.196790;68.328857;0
382;150084;2844;99465;48;-0.134764;65.020996;0
383;150588;2845;99468;48;-0.360894;71.714668;0
384;151146;2845;99468;48;-0.360894;66.389893;0
385;151753;2845;99464;48;-0.051919;84.664352;0
386;152301;2845;99464;48;-0.051919;60.729370;0
387;152755;2846;99466;48;-0.181171;71.857460;0
388;153301;2846;99466;48;-0.220277;101.106918;0
389;153859;2847;99465;48;-0.084285;136.227463;0
390;154364;2847;99464;48;-0.071879;143.064011;0
391;154879;2847;99466;48;-0.227100;149.901901;0
392;155384;2849;99464;48;0.007896;219.695770;0
393;155900;2848;99466;48;-0.221731;187.180359;0
394;156938;2849;99463;48;0.037612;179.700256;0
395;157430;2849;99464;47;-0.068427;108.776268;0
396;157946;2850;99467;47;-0.276320;182.666000;0
397;158492;2851;99468;47;-0.358043;240.687851;0
398;159037;2851;99465;47;-0.097723;299.108063;0
399;159632;2852;99467;47;-0.325995;258.024902;0
400;160202;2852;99466;47;-0.223223;364.187103;0
401;160748;2853;99466;48;-0.159793;343.265717;0
402;161203;2853;99465;48;-0.114844;369.933319;0
403;161763;2853;99465;48;-0.114844;374.411377;0
404;162255;2854;99468;48;-0.381034;377.122650;0
405;162873;2854;99467;48;-0.301667;335.454926;0
406;163317;2854;99467;48;-0.250400;333.022095;0
407;163874;2854;99465;48;-0.111339;407.721100;0
408;164420;2856;99470;48;-0.549369;393.786224;0
409;164936;2855;99468;48;-0.356696;467.355103;0
410;165598;2856;99466;48;-0.216931;399.016846;0
411;166054;2856;99465;48;-0.148334;442.842438;0
412;166661;2857;99469;48;-0.413589;433.921295;0
413;167158;2857;99468;48;-0.357635;518.758118;0
414;167662;2857;99468;48;-0.357635;558.987000;0
415;168310;2857;99470;48;-0.532052;569.902100;0
416;168811;2857;99470;48;-0.532052;548.958252;0
417;169303;2858;99468;48;-0.346863;565.098633;0
418;169885;2858;99470;48;-0.562252;547.635742;0
419;170479;2859;99466;48;-0.168218;626.552246;0
420;171039;2860;99470;48;-0.558499;542.379578;0
421;171494;2860;99473;48;-0.798470;708.598389;0
422;171986;2861;99468;48;-0.367441;646.007568;0
423;172544;2861;99471;48;-0.589856;548.958252;0
424;173035;2861;99467;48;-0.262307;642.062927;0
425;173696;2861;99465;48;-0.159056;529.473022;0
426;174139;2861;99465;48;-0.159056;649.182861;0
427;174666;2862;99469;48;-0.471603;644.426392;0
428;175327;2864;99469;48;-0.496864;771.458801;0
429;175769;2865;99467;48;-0.278848;626.552246;0
430;176389;2866;99471;48;-0.625586;708.598389;0
431;176831;2866;99469;48;-0.462140;955.147583;0
432;177348;2866;99471;48;-0.609885;749.494019;0
433;177864;2867;99467;48;-0.321401;1363.642578;0
434;178410;2868;99466;48;-0.188590;515.650391;0
435;178914;2868;99463;48;0.027557;676.062073;0
436;179432;2868;99463;48;0.027557;625.787781;0
437;180039;2869;99467;48;-0.268618;606.270325;0
438;180506;2870;99467;48;-0.291069;493.249603;0
439;181010;2870;99469;48;-0.439025;511.946899;0
440;181514;2870;99464;48;-0.049366;633.479614;0
441;182072;2872;99467;47;-0.306655;565.098633;0
442;182666;2872;99467;47;-0.269615;1208.623169;0
443;183279;2874;99468;47;-0.398549;878.613342;0
444;183721;2876;99468;47;-0.399392;1238.028442;0
445;184282;2876;99465;48;-0.087402;1136.656372;0
446;184941;2878;99466;48;-0.211907;1057.176636;0
447;185487;2878;99468;47;-0.411171;829.267334;0
448;186045;2879;99466;47;-0.191851;732.814636;0
449;186488;2879;99466;47;-0.191851;679.405273;0
450;187046;2880;99468;47;-0.365091;838.862488;0
451;187550;2881;99467;47;-0.327283;1024.903931;0
452;188199;2883;99467;47;-0.303713;822.943848;0
453;188656;2883;99472;47;-0.684516;770.488159;0
454;189172;2884;99466;47;-0.188365;684.455444;0
455;189833;2885;99470;47;-0.565857;696.406860;0
456;190288;2886;99468;47;-0.378420;1013.972534;0
457;190895;2886;99468;47;-0.370405;952.633789;0
458;191338;2887;99469;47;-0.431442;942.660400;0
459;191896;2887;99470;47;-0.580890;729.167114;0
460;192442;2887;99465;47;-0.091804;735.564331;0
461;193059;2888;99465;47;-0.082575;686.996460;0
462;193514;2888;99465;47;-0.082575;919.488281;0
463;194018;2889;99466;47;-0.192818;695.545288;0
464;194678;2889;99466;47;-0.180556;845.333618;0
465;195146;2890;99468;47;-0.334863;961.468567;0
466;195649;2890;99465;47;-0.100149;934.039978;0
467;196240;2891;99466;47;-0.224625;987.281799;0
468;196785;2892;99468;47;-0.341680;885.459656;0
469;197292;2893;99467;47;-0.298669;1033.200562;0
470;197807;2893;99465;47;-0.133900;913.507690;0
471;198300;2893;99465;47;-0.133900;886.606934;0
472;198828;2895;99468;47;-0.330757;694.684753;0
473;199423;2895;99467;47;-0.291381;904.038696;0
474;199890;2895;99467;47;-0.275625;931.594849;0
475;200419;2896;99466;47;-0.222160;942.660400;0
476;200910;2896;99467;47;-0.290445;982.050293;0
477;201480;2897;99465;47;-0.075529;961.468567;0
478;201973;2898;99465;47;-0.122899;929.157898;0
479;202653;2899;99465;47;-0.122129;960.200195;0
480;203108;2900;99467;47;-0.301863;1070.157471;0
481;203612;2900;99467;47;-0.301863;1065.807983;0
482;204273;2902;99466;47;-0.168072;921.894043;0
483;204728;2902;99466;47;-0.168072;1162.161133;0
484;205347;2901;99467;47;-0.254563;1122.629272;0
485;205802;2902;99470;46;-0.510038;1121.084595;0
486;206350;2903;99466;46;-0.234792;893.529724;0
487;206907;2905;99467;46;-0.301504;995.195068;0
488;207410;2906;99466;46;-0.213776;991.228455;0
489;208006;2906;99470;46;-0.540642;1105.787598;0
490;208546;2906;99467;47;-0.267827;1037.380981;0
491;209142;2907;99471;46;-0.667661;663.691101;0
492;209650;2907;99469;46;-0.488618;878.613342;0
493;210167;2906;99469;46;-0.496224;1077.457520;0
494;210771;2908;99468;46;-0.365412;1239.787354;0
495;211281;2908;99468;46;-0.365412;1020.787415;0
496;211784;2909;99468;46;-0.351421;1058.609131;0
497;212445;2910;99465;46;-0.124461;1176.836182;0
498;212888;2911;99465;46;-0.113480;1357.661621;0
499;213495;2912;99465;46;-0.084478;1387.926514;0
500;214004;2913;99465;46;-0.112442;1213.744629;0
501;214496;2914;99467;46;-0.296953;1152.510254;0
502;215068;2914;99469;46;-0.471770;476.969543;0
503;215572;2916;99467;46;-0.255166;535.885132;0
504;216221;2917;99470;46;-0.536838;438.096985;0
505;216676;2917;99467;46;-0.281880;425.688110;0
506;217192;2917;99467;46;-0.281880;513.178284;0
507;217841;2919;99470;46;-0.552903;462.899261;0
508;218337;2919;99470;46;-0.552903;504.017761;0
509;218945;2920;99472;46;-0.719297;670.256653;0
510;219490;2920;99470;46;-0.564256;1231.025146;0
511;219960;2921;99468;46;-0.330315;792.180176;0
512;220505;2921;99468;47;-0.401126;535.885132;0
513;221064;2922;99473;47;-0.789477;501.603912;0
514;221658;2923;99469;47;-0.432604;758.000183;0
515;222114;2924;99468;47;-0.348713;716.566040;0
516;222720;2925;99469;47;-0.442677;398.060852;0
517;223229;2925;99469;47;-0.473557;389.555634;0
518;223745;2926;99468;47;-0.406789;396.631042;0
519;224342;2928;99470;47;-0.553908;434.961517;0
520;224797;2928;99470;47;-0.553908;458.486420;0
521;225314;2928;99470;47;-0.500815;487.955231;0
522;225872;2930;99470;47;-0.544686;489.126678;0
523;226466;2930;99468;47;-0.402401;459.585602;0
524;227025;2930;99470;47;-0.536588;504.623108;0
525;227571;2932;99471;47;-0.624575;565.098633;0
526;228068;2932;99471;47;-0.595888;437.049286;0
527;229149;2934;99469;47;-0.477350;519.382080;0
528;229756;2935;99466;47;-0.165803;590.996582;0
529;230315;2936;99469;47;-0.435449;470.162231;0
530;230770;2936;99469;47;-0.435449;511.332367;0
531;231328;2938;99471;47;-0.651584;505.836090;0
532;231874;2938;99470;47;-0.541465;506.443726;0
533;232379;2938;99468;47;-0.389738;687.846008;0
534;232998;2940;99472;47;-0.731866;533.952820;0
535;233442;2941;99471;47;-0.601192;2190.130371;0
536;233959;2942;99469;47;-0.477358;2350.413818;0
537;234463;2943;99473;47;-0.785607;2007.082397;0
538;234979;2944;99472;47;-0.708079;502.206238;0
539;235508;2945;99471;47;-0.633088;471.289795;0
540;236054;2945;99471;47;-0.633088;496.216644;0
541;236649;2945;99472;47;-0.728283;442.312561;0
542;237116;2946;99473;47;-0.831195;444.967957;0
543;237711;2947;99470;47;-0.570590;584.580200;0
544;238222;2948;99471;47;-0.651640;473.553467;0
545;238726;2949;99471;47;-0.637946;507.661255;0
546;239320;2950;99471;48;-0.649962;468.475891;0
547;239788;2952;99473;48;-0.773031;465.121765;0
548;240292;2953;99473;48;-0.758906;466.237122;0
549;240875;2954;99474;48;-0.917546;474.689331;0
550;241366;2954;99474;48;-0.917546;543.688477;0
551;241872;2955;99468;48;-0.334028;558.987000;0
552;242490;2956;99473;48;-0.778217;518.135010;0
553;242935;2958;99470;47;-0.525671;466.795776;0
554;243463;2959;99471;47;-0.648721;493.841461;0
555;243955;2960;99469;48;-0.453169;504.017761;0
556;244562;2961;99470;48;-0.546200;499.202087;0
557;245059;2962;99471;48;-0.658089;452.488098;0
558;245576;2964;99473;48;-0.806857;366.387238;0
559;246225;2965;99471;48;-0.588561;1774.324951;0
560;246702;2965;99471;48;-0.588561;2828.233398;0
561;247310;2966;99471;48;-0.609940;2934.060791;0
562;247807;2966;99471;48;-0.609940;2976.855469;0
563;248310;2967;99469;48;-0.439245;2612.843750;0
564;248856;2968;99470;48;-0.538682;883.170410;0
565;249413;2969;99472;48;-0.696461;2828.233398;0
566;250009;2970;99472;48;-0.723876;2934.060791;0
567;250488;2972;99472;48;-0.668876;3020.613281;0
568;250980;2972;99471;48;-0.644844;2653.891602;0
569;251539;2973;99470;48;-0.505832;702.472229;0
570;252158;2974;99469;48;-0.448318;480.987000;0
571;252705;2974;99469;48;-0.429847;404.314484;0
572;253172;2974;99469;48;-0.429847;523.142273;0
573;253664;2974;99467;48;-0.268560;567.838074;0
574;254222;2975;99466;48;-0.220484;440.727051;0
575;254768;2975;99466;48;-0.234234;405.771118;0
576;255387;2975;99467;48;-0.281790;466.237122;0
577;255935;2975;99466;48;-0.199437;425.178680;0
578;256389;2976;99468;47;-0.345616;164.684448;0
579;257039;2976;99466;47;-0.168521;153.620453;0
580;257535;2976;99468;47;-0.340052;127.243713;0
581;258154;2977;99467;47;-0.313387;116.585655;0
582;258597;2978;99467;47;-0.292337;107.181442;0
583;259155;2979;99469;46;-0.425178;86.379623;0
584;259701;2979;99467;46;-0.280200;70.577347;0
585;260217;2979;99467;46;-0.280200;76.942596;0
586;260826;2980;99465;46;-0.158303;66.941193;0
587;261281;2981;99469;46;-0.425476;64.477165;0
588;261888;2981;99468;46;-0.362374;70.577347;0
589;262384;2981;99466;46;-0.189936;59.154499;0
590;262992;2982;99467;46;-0.305247;60.465591;0
591;263538;2982;99466;46;-0.191538;62.189434;0
592;264046;2982;99465;46;-0.076576;79.925964;0
593;264602;2983;99465;46;-0.130999;74.742264;0
594;265160;2983;99465;46;-0.107366;67.633331;0
595;265664;2984;99467;46;-0.251452;59.939598;0
596;266181;2984;99467;46;-0.274597;69.167938;0
597;266789;2984;99463;46;0.033466;74.596703;0
598;267243;2984;99463;46;0.033466;76.352753;0
599;267759;2986;99465;46;-0.121249;81.591339;0
600;268251;2986;99465;46;-0.146055;120.327446;0
601;268809;2987;99466;46;-0.209515;181.673569;0
602;269316;2987;99465;45;-0.098857;180.192154;0
603;269923;2987;99467;45;-0.269571;97.724869;0
604;270566;2987;99466;45;-0.175589;78.576385;0
605;271009;2987;99466;45;-0.237387;87.638412;0
606;271526;2987;99467;45;-0.254063;73.004723;0
607;272030;2987;99467;45;-0.254063;71.002808;0
608;272534;2988;99463;45;0.014123;72.860825;0
609;273051;2988;99467;45;-0.271153;73.870987;0
610;273597;2988;99467;45;-0.253982;72.860825;0
611;274193;2988;99462;45;0.104712;76.205643;0
612;274661;2989;99466;45;-0.234073;69.308273;0
613;275268;2990;99468;45;-0.342577;67.356079;0
614;275790;2990;99469;45;-0.453236;72.143448;0
615;276294;2990;99470;45;-0.504667;72.717072;0
616;276786;2990;99470;45;-0.504667;172.674255;0
617;277314;2990;99469;45;-0.436480;250.339157;0
618;277808;2989;99469;45;-0.425862;193.843170;0
619;278379;2990;99472;45;-0.680609;73.870987;0
620;278871;2989;99470;45;-0.547222;76.352753;0
621;279375;2990;99471;45;-0.656138;77.534714;0
622;279995;2990;99469;45;-0.487579;77.090408;0
623;280450;2990;99471;45;-0.620884;77.831627;0
624;281082;2991;99472;45;-0.677043;75.472183;0
625;281525;2991;99472;45;-0.738843;75.911850;0
626;282029;2991;99472;45;-0.738843;84.354408;0
627;282671;2991;99471;45;-0.662858;98.228104;0
628;283216;2992;99471;45;-0.608270;93.259445;0
629;283720;2992;99471;45;-0.638300;83.582115;0
630;284237;2992;99472;45;-0.708231;98.564377;0
631;284832;2992;99470;45;-0.510053;98.396164;0
632;285312;2992;99471;45;-0.585039;89.225449;0
633;285816;2992;99469;45;-0.457205;110.564194;0
634;286320;2993;99468;45;-0.385940;142.014313;0
635;286891;2993;99471;45;-0.647582;122.034477;0
636;287385;2993;99471;45;-0.647582;122.989189;0
637;288045;2993;99467;45;-0.310771;135.210236;0
638;288488;2993;99467;45;-0.310771;158.974472;0
639;288991;2994;99471;45;-0.655620;175.074722;0
640;289641;2994;99470;45;-0.508864;158.523560;0
641;290083;2994;99466;45;-0.181185;170.770569;0
642;290654;2993;99469;45;-0.451145;179.209335;0
643;291157;2994;99469;45;-0.441087;157.176102;0
644;291766;2994;99470;45;-0.499404;175.557617;0
645;292294;2994;99471;45;-0.594639;181.178787;0
646;292853;2995;99470;45;-0.535403;186.170334;0
647;293397;2994;99471;45;-0.583528;210.989960;0
648;293956;2994;99470;45;-0.543211;243.458344;0
649;294562;2995;99471;45;-0.655527;244.697906;0
650;295006;2995;99471;45;-0.655527;247.819016;0
651;295534;2995;99473;45;-0.824093;239.464630;0
652;296037;2995;99475;45;-0.948026;231.039902;0
653;296557;2995;99472;45;-0.703971;243.767761;0
654;297060;2996;99469;45;-0.488005;250.339157;0
655;297610;2996;99468;44;-0.388035;233.422577;0
656;298167;2996;99472;44;-0.676417;263.585419;0
657;298673;2995;99471;44;-0.606577;334.642151;0
658;299279;2995;99469;44;-0.495404;314.507416;0
659;299734;2995;99469;44;-0.495404;281.915802;0
660;300505;2995;99473;44;-0.765685;256.730682;0
661;301273;2996;99469;44;-0.457973;337.494476;0
662;301830;2997;99473;44;-0.784318;350.394989;0
663;302323;2996;99470;44;-0.539117;281.218231;0
664;302851;2996;99471;44;-0.628703;269.917389;0
665;303344;2996;99468;44;-0.391430;283.315369;0
666;303860;2996;99468;44;-0.391430;303.545227;0
667;304479;2995;99468;44;-0.365088;302.430634;0
668;304922;2994;99472;44;-0.675778;305.410980;0
669;305507;2993;99468;44;-0.332675;262.597015;0
670;305998;2993;99469;44;-0.476354;248.761627;0
671;306648;2994;99474;44;-0.865831;268.909271;0
672;307102;2995;99469;44;-0.422484;277.063507;0
673;307608;2995;99468;44;-0.337531;327.805634;0
674;308123;2997;99471;44;-0.607210;391.900604;0
675;308628;2997;99471;44;-0.607210;387.689392;0
676;309221;2996;99467;44;-0.278703;397.107117;0
677;309731;2995;99466;44;-0.207627;389.555634;0
678;310249;2994;99469;43;-0.471118;318.756134;0
679;310868;2994;99466;43;-0.174199;302.801788;0
680;311365;2995;99466;43;-0.222643;328.603333;0
681;311857;2994;99466;43;-0.206390;328.204285;0
682;312428;2994;99468;43;-0.347088;337.903748;0
683;312920;2994;99468;43;-0.337215;317.205261;0
684;313539;2994;99467;43;-0.250200;272.960815;0
685;314085;2994;99467;43;-0.256993;278.097260;0
686;314530;2994;99467;43;-0.256993;272.960815;0
687;315100;2995;99468;43;-0.407977;285.425781;0
688;315616;2994;99468;43;-0.348929;325.819000;0
689;316265;2993;99467;43;-0.327119;353.796814;0
690;316720;2992;99469;43;-0.494949;377.576324;0
691;317225;2992;99470;43;-0.511295;361.127686;0
692;317873;2994;99471;43;-0.649236;370.378815;0
693;318329;2993;99467;43;-0.263659;364.187103;0
694;318933;2992;99469;43;-0.435806;317.592346;0
695;319444;2993;99469;43;-0.453302;295.817444;0
696;319947;2994;99469;44;-0.457022;282.265137;0
697;320465;2994;99468;44;-0.349247;279.480774;0
698;321022;2994;99468;44;-0.349247;209.886108;0
699;321527;2995;99467;43;-0.296801;183.163757;0
700;322055;2995;99467;43;-0.268928;180.192154;0
701;322548;2996;99464;43;-0.048624;193.843170;0
702;323063;2996;99470;43;-0.544672;224.585907;0
703;323624;2996;99469;43;-0.446038;215.449661;0
704;324115;2995;99468;43;-0.340514;209.061142;0
705;324735;2996;99470;43;-0.527497;212.932281;0
706;325178;2996;99467;43;-0.271401;204.702438;0
707;325748;2997;99469;43;-0.475461;195.405014;0
708;326252;2997;99469;43;-0.475461;184.913300;0
709;326756;2997;99467;43;-0.320155;169.116943;0
710;327376;2997;99471;43;-0.604127;173.871628;0
711;327833;2997;99467;43;-0.249290;186.422485;0
712;328350;2997;99465;43;-0.114140;839.936707;0
713;328854;2998;99471;43;-0.603203;1309.164673;0
714;329359;3000;99469;43;-0.487385;1484.410889;0
715;329862;3000;99469;43;-0.487385;1794.641479;0
716;330434;3001;99470;43;-0.546824;1343.842285;0
717;331027;3002;99469;43;-0.422773;1597.774658;0
718;331587;3002;99469;43;-0.475539;753.260620;0
719;332206;3002;99466;43;-0.231754;766.619934;0
720;332675;3003;99471;43;-0.600185;1377.737671;0
721;333191;3003;99468;43;-0.382634;670.256653;0
722;333786;3003;99467;43;-0.322562;692.111084;0
723;334242;3005;99470;43;-0.500788;634.254639;0
724;334750;3004;99466;43;-0.197037;569.902100;0
725;335320;3006;99470;43;-0.564945;452.488098;0
726;335824;3006;99469;43;-0.459410;273.641022;0
727;336441;3007;99468;43;-0.409372;264.246094;0
728;336986;3007;99470;43;-0.517605;216.575714;0
729;337483;3007;99470;43;-0.517605;335.861877;0
730;338041;3007;99468;43;-0.349704;358.524384;0
731;338545;3008;99467;43;-0.250121;378.030487;0
732;339165;3009;99470;43;-0.574325;303.917572;0
733;339607;3010;99469;43;-0.441465;309.550995;0
734;340166;3011;99468;43;-0.393702;325.819000;0
735;340723;3011;99467;43;-0.297495;319.144928;0
736;341230;3011;99470;43;-0.512912;390.023529;0
737;341849;3012;99469;43;-0.417517;391.430481;0
738;342293;3012;99469;43;-0.469883;436.004150;0
739;342796;3012;99469;43;-0.469883;429.785217;0
740;343302;3012;99469;43;-0.488691;448.712158;0
741;343805;3013;99473;43;-0.761073;363.748566;0
742;344377;3013;99470;43;-0.581243;501.002350;0
743;344922;3013;99470;43;-0.554585;593.872925;0
744;345530;3014;99472;43;-0.749705;624.261902;0
745;345999;3014;99473;43;-0.803693;468.475891;0
746;346594;3015;99470;44;-0.530216;714.786621;0
747;347102;3014;99471;44;-0.616147;732.814636;0
748;347607;3014;99470;44;-0.564589;1040.179810;0
749;348098;3014;99470;44;-0.564589;1150.912231;0
750;348628;3015;99472;44;-0.718170;860.669800;0
751;349119;3016;99472;44;-0.671207;1138.229004;0
752;349702;3016;99470;44;-0.576752;1347.770996;0
753;350281;3016;99467;44;-0.263080;917.090454;0
754;350785;3016;99470;44;-0.504624;715.675781;0
755;351404;3017;99471;43;-0.661038;1133.519653;0
756;351847;3018;99472;43;-0.745873;811.500793;0
757;352466;3018;99472;44;-0.741539;1045.806641;0
758;352909;3017;99473;44;-0.812456;408.699524;0
759;353413;3017;99473;44;-0.812456;1016.691589;0
760;353971;3018;99474;44;-0.842350;795.194092;0
761;354492;3018;99472;44;-0.720973;1171.917725;0
762;354996;3018;99474;44;-0.843562;880.888184;0
763;355537;3018;99469;44;-0.475347;980.747803;0
764;356131;3019;99472;44;-0.705250;656.391602;0
765;356599;3019;99473;45;-0.752884;908.758118;0
766;357103;3019;99470;45;-0.530944;498.005676;0
767;357649;3018;99472;45;-0.716087;456.842560;0
768;358207;3018;99469;45;-0.492939;482.141235;0
769;358802;3018;99470;45;-0.553023;1114.932983;0
770;359362;3018;99470;45;-0.553023;938.953735;0
771;359804;3019;99474;45;-0.839482;846.418030;0
772;360375;3020;99472;45;-0.674653;866.228882;0
773;361036;3020;99475;46;-0.961263;966.563049;0
774;361581;3020;99475;46;-0.980618;1050.051880;0
775;362037;3020;99475;46;-0.939740;1206.922119;0
776;362540;3021;99472;46;-0.744713;1124.176514;0
777;363099;3021;99474;46;-0.848098;716.566040;0
778;363605;3022;99475;46;-0.929554;231.039902;0
779;364213;3022;99475;46;-1.003700;351.242584;0
780;364655;3022;99475;46;-1.003700;926.728638;0
781;365185;3023;99477;46;-1.161873;1171.917725;0
782;365832;3022;99475;46;-0.980006;1093.743652;0
783;366378;3024;99476;46;-1.019212;1311.059570;0
784;366948;3024;99476;46;-1.022185;373.062592;0
785;367392;3024;99475;47;-0.930287;594.594482;0
786;367949;3025;99474;47;-0.919843;741.099548;0
787;368571;3025;99474;47;-0.902652;521.258606;0
788;369075;3025;99473;47;-0.753232;583.164673;0
789;369682;3025;99473;47;-0.759977;480.987000;0
790;370150;3025;99476;47;-1.067732;337.903748;0
791;370757;3026;99477;47;-1.107895;346.184967;0
792;371254;3027;99474;47;-0.864400;301.689545;0
793;371758;3027;99474;47;-0.864400;371.271393;0
794;373117;3026;99471;46;-0.658991;330.203949;0
795;373625;3026;99471;46;-0.622035;332.214722;0
796;374118;3026;99471;46;-0.622035;342.435760;0
797;374675;3027;99473;46;-0.811621;370.378815;0
798;375167;3027;99470;46;-0.539038;386.759460;0
799;375683;3027;99472;45;-0.673675;397.107117;0
800;376304;3027;99474;45;-0.896047;418.610626;0
801;376746;3027;99475;45;-0.969558;407.721100;0
802;377250;3027;99476;45;-1.009084;445.500854;0
803;377744;3028;99471;45;-0.614782;539.771790;0
804;378392;3028;99473;45;-0.754159;764.694458;0
805;378860;3028;99472;45;-0.714803;1152.510254;0
806;379365;3028;99472;45;-0.714803;584.580200;0
807;380025;3028;99475;45;-0.929294;859.563293;0
808;380468;3028;99474;45;-0.907759;1556.297363;0
809;380985;3029;99476;45;-1.022631;1523.251221;0
810;381500;3029;99477;45;-1.149725;1513.987427;0
811;382005;3030;99477;45;-1.161435;1698.939453;0
812;382686;3031;99477;45;-1.115393;1622.894165;0
813;383184;3030;99473;45;-0.796534;1635.660645;0
814;383675;3031;99476;45;-1.010230;1431.853882;0
815;384247;3031;99473;45;-0.769277;1449.086060;0
816;384853;3031;99477;45;-1.097624;1316.765991;0
817;385313;3031;99477;45;-1.097624;1241.549927;0
818;385841;3032;99477;45;-1.153597;1513.987427;0
819;386334;3032;99475;45;-0.954922;1427.589478;0
820;386864;3033;99475;45;-0.975703;1527.912354;0
821;387357;3032;99477;45;-1.102011;1013.972534;0
822;387914;3033;99474;45;-0.877052;1597.774658;0
823;388460;3034;99474;45;-0.887946;1007.215393;0
824;388964;3033;99476;45;-1.070987;1809.355591;0
825;389583;3034;99475;44;-0.963067;1262.959106;0
826;390039;3034;99475;44;-0.963067;1704.367065;0
827;390555;3034;99475;44;-0.954376;1590.344360;0
828;391081;3034;99476;44;-1.013677;1353.693726;0
829;391586;3035;99473;44;-0.826285;1152.510254;0
830;392090;3035;99475;44;-0.943910;1590.344360;0
831;392648;3035;99473;44;-0.799997;1688.157349;0
832;393152;3036;99474;44;-0.880072;1309.164673;0
833;393759;3036;99477;44;-1.135489;1052.894531;0
834;394377;3035;99476;44;-1.029127;764.694458;0
835;394875;3035;99474;44;-0.908931;1111.873779;0
836;395434;3035;99474;44;-0.910707;1737.451172;0
837;396128;3036;99476;44;-1.015294;1653.770996;0
838;396582;3036;99474;44;-0.893717;1617.826416;0
839;397087;3036;99474;44;-0.893717;1680.133423;0
840;397644;3036;99478;44;-1.195587;1371.673096;0
841;398150;3036;99478;44;-1.187292;1622.894165;0
842;398756;3036;99475;44;-0.985245;1165.401367;0
843;399302;3036;99473;44;-0.829667;891.214844;0
844;399799;3037;99473;44;-0.818005;573.360229;0
845;400359;3037;99471;44;-0.597177;867.345886;0
846;400966;3037;99472;43;-0.742686;1101.251099;0
847;401536;3037;99466;43;-0.216789;1879.304565;0
848;401979;3037;99470;43;-0.525411;1680.133423;0
849;402537;3038;99473;43;-0.810699;1651.166504;0
850;403082;3038;99470;43;-0.561789;1680.133423;0
851;403586;3038;99470;43;-0.561789;1734.659668;0
852;404247;3038;99473;43;-0.781635;1743.053101;0
853;404692;3038;99473;43;-0.781635;1800.506226;0
854;405298;3038;99473;43;-0.761273;1565.920898;0
855;405796;3038;99472;43;-0.699984;1144.547852;0
856;406312;3039;99470;43;-0.537469;966.563049;0
857;406919;3040;99476;43;-1.051503;513.795166;0
858;407427;3040;99470;43;-0.556837;526.931030;0
859;407920;3040;99474;43;-0.845495;618.954041;0
860;408489;3040;99475;43;-0.948696;646.007568;0
861;409095;3041;99477;43;-1.111999;637.365112;0
862;409652;3041;99473;43;-0.775893;658.814636;0
863;410108;3041;99473;43;-0.775893;655.586243;0
864;410599;3043;99475;43;-0.960339;684.455444;0
865;411129;3045;99474;43;-0.867979;714.786621;0
866;411620;3047;99475;43;-0.932980;705.965454;0
867;412228;3047;99477;43;-1.173807;715.675781;0
868;412695;3048;99476;43;-1.073934;716.566040;0
869;413200;3048;99475;43;-0.959247;719.244934;0
870;413862;3049;99475;43;-0.955063;646.799866;0
871;414305;3050;99474;42;-0.888584;617.446655;0
872;414809;3050;99474;42;-0.888584;619.709167;0
873;415326;3050;99477;42;-1.130035;634.254639;0
874;415884;3050;99475;42;-0.964730;670.256653;0
875;416491;3050;99478;42;-1.193890;687.846008;0
876;416946;3052;99478;42;-1.231769;668.608398;0
877;417437;3054;99476;42;-1.033372;582.458374;0
878;418010;3054;99474;42;-0.867043;598.216309;0
879;418617;3056;99479;42;-1.284194;660.435608;0
880;419163;3057;99480;42;-1.360661;688.696472;0
881;419630;3057;99478;42;-1.196354;671.909546;0
882;420122;3057;99478;42;-1.196354;716.566040;0
883;420784;3060;99477;42;-1.150304;745.749390;0
884;421238;3060;99477;42;-1.150304;793.183350;0
885;421846;3061;99478;42;-1.219438;780.259766;0
886;422342;3062;99478;42;-1.210848;635.807739;0
887;422847;3062;99479;42;-1.300008;464.009186;0
888;423495;3063;99478;42;-1.194157;522.513550;0
889;423951;3063;99476;42;-1.072886;501.603912;0
890;424570;3064;99478;42;-1.201999;551.613586;0
891;425117;3065;99481;42;-1.512001;557.638428;0
892;425613;3066;99480;42;-1.382377;615.193237;0
893;426129;3067;99480;42;-1.419890;534.596069;0
894;426697;3068;99479;42;-1.269700;472.986420;0
895;427189;3068;99479;42;-1.269700;482.141235;0
896;427809;3069;99479;42;-1.288191;431.848358;0
897;428355;3070;99477;42;-1.122956;340.368958;0
898;428810;3070;99478;42;-1.255026;298.374115;0
899;429326;3071;99479;42;-1.264267;339.545441;0
900;429831;3072;99475;42;-0.985044;306.160004;0
901;430388;3072;99477;42;-1.108642;306.910767;0
902;430905;3074;99477;42;-1.099341;357.229309;0
903;431423;3074;99478;42;-1.211622;426.708771;0
904;432019;3075;99478;42;-1.261199;509.493408;0
905;432473;3075;99478;42;-1.261199;511.332367;0
906;432979;3075;99474;42;-0.886500;466.795776;0
907;433523;3077;99477;42;-1.176714;400.454956;0
908;434040;3077;99478;42;-1.190987;364.626190;0
909;434634;3078;99476;42;-1.064243;340.368958;0
910;435131;3078;99477;42;-1.097641;326.215485;0
911;435647;3079;99475;42;-0.964609;327.009735;0
912;436166;3080;99481;42;-1.431526;347.443085;0
913;436773;3080;99477;42;-1.163476;379.396179;0
914;437216;3080;99477;42;-1.163476;404.314484;0
915;437733;3081;99477;42;-1.153665;427.731873;0
916;438237;3081;99477;42;-1.139768;435.482544;0
917;438844;3081;99476;42;-1.070867;467.355103;0
918;439299;3082;99476;42;-1.025842;485.039307;0
919;439845;3082;99477;42;-1.176573;468.475891;0
920;440392;3082;99476;42;-1.054857;464.009186;0
921;440962;3082;99480;42;-1.367648;459.585602;0
922;441569;3083;99479;42;-1.296556;464.009186;0
923;442127;3083;99477;42;-1.096716;459.035614;0
924;442583;3084;99480;42;-1.349148;480.987000;0
925;443087;3084;99480;42;-1.349148;477.541412;0
926;443645;3085;99477;42;-1.157387;468.475891;0
927;444137;3086;99479;42;-1.281069;467.915222;0
928;445266;3087;99477;42;-1.110294;448.712158;0
929;445778;3088;99478;42;-1.239421;441.254852;0
930;446408;3086;99479;42;-1.323985;419.112244;0
931;446975;3086;99478;42;-1.179140;406.744934;0
932;447438;3087;99479;42;-1.326317;383.982513;0
933;447963;3088;99480;42;-1.363787;353.796814;0
934;448476;3089;99477;42;-1.147825;345.766541;0
935;448988;3089;99477;42;-1.147825;330.605255;0
936;449514;3090;99479;42;-1.270434;341.607697;0
937;450070;3091;99479;42;-1.269742;346.603882;0
938;450675;3092;99479;42;-1.268728;379.396179;0
939;451205;3092;99477;42;-1.133391;360.692566;0
940;451811;3093;99479;42;-1.331874;375.764709;0
941;452419;3093;99474;42;-0.896150;421.124969;0
942;452883;3093;99474;42;-0.919641;412.142120;0
943;453395;3095;99480;42;-1.379656;401.416504;0
944;453976;3096;99477;42;-1.166973;390.023529;0
945;454477;3096;99476;42;-1.076742;390.491913;0
946;455150;3097;99477;42;-1.145388;380.309265;0
947;455600;3095;99477;42;-1.154130;344.097504;0
948;456113;3095;99477;42;-1.154130;323.843231;0
949;456947;3095;99476;41;-1.028312;355.080414;0
950;457397;3097;99480;41;-1.370592;368.599792;0
951;458015;3097;99477;41;-1.127781;399.975037;0
952;458477;3097;99477;41;-1.127781;480.411041;0
953;458990;3097;99479;41;-1.263168;433.402191;0
954;459530;3097;99478;41;-1.192739;408.209961;0
955;460084;3098;99475;41;-0.971584;422.640625;0
956;460585;3099;99478;41;-1.177400;402.862976;0
957;461164;3099;99478;41;-1.181084;408.209961;0
958;461783;3099;99478;41;-1.240869;238.550491;0
959;462350;3100;99478;41;-1.258509;167.708405;0
960;462813;3101;99479;41;-1.280913;161.698074;0
961;463323;3101;99477;41;-1.142275;192.290359;0
962;463862;3101;99478;41;-1.227005;230.151337;0
963;464361;3101;99478;41;-1.227005;252.879990;0
964;464942;3101;99477;41;-1.143360;316.046600;0
965;465454;3102;99477;41;-1.111110;345.348572;0
966;465966;3103;99478;41;-1.205423;266.569183;0
967;466610;3103;99476;41;-1.081445;235.824646;0
968;467059;3104;99475;41;-0.935825;252.561234;0
969;467585;3105;99476;41;-1.030483;285.425781;0
970;468086;3106;99474;41;-0.901739;293.279755;0
971;468642;3106;99478;41;-1.241082;325.423035;0
972;469196;3105;99479;41;-1.338277;329.002838;0
973;469722;3105;99477;42;-1.102395;285.425781;0
974;470326;3106;99477;42;-1.135796;283.315369;0
975;470907;3106;99474;42;-0.872025;290.760834;0
976;471462;3106;99474;42;-0.872025;295.453766;0
977;471978;3108;99476;41;-1.029423;288.260620;0
978;472547;3107;99475;41;-0.960817;286.840210;0
979;473047;3106;99475;41;-0.983186;297.641663;0
980;473614;3107;99476;41;-1.059865;303.545227;0
981;474250;3108;99477;41;-1.125543;303.173279;0
982;474775;3108;99476;41;-1.074915;307.286682;0
983;475380;3108;99473;41;-0.830952;293.279755;0
984;475843;3108;99475;41;-0.984672;265.571503;0
985;476461;3109;99474;41;-0.871677;318.367798;0
986;476991;3111;99475;41;-0.963397;344.931091;0
987;477518;3112;99478;41;-1.200399;261.939819;0
988;478018;3112;99475;41;-0.945778;207.145660;0
989;478586;3112;99477;41;-1.118583;243.458344;0
990;479097;3112;99477;41;-1.118583;375.764709;0
991;479623;3114;99477;41;-1.148656;2007.082397;0
992;480135;3114;99476;41;-1.051426;1638.230591;0
993;480649;3113;99477;41;-1.135084;1860.689697;0
994;481253;3113;99476;41;-1.053637;1462.196655;0
995;481740;3113;99480;41;-1.374663;1438.283203;0
996;482369;3112;99477;41;-1.144630;773.404419;0
997;482925;3113;99477;41;-1.115637;495.027588;0
998;483429;3114;99475;41;-1.000785;475.258362;0
999;483942;3114;99476;41;-1.036007;323.055908;0
1000;484510;3115;99476;41;-1.018018;271.266449;0
1001;485010;3115;99476;41;-1.018018;250.655609;0
1002;485640;3114;99474;41;-0.839352;143.274551;0
1003;486197;3114;99474;41;-0.839352;155.836349;0
1004;486752;3115;99477;41;-1.140200;186.422485;0
1005;487282;3115;99475;41;-0.947938;216.293777;0
1006;487782;3115;99473;41;-0.804115;477.541412;0
1007;488467;3115;99479;41;-1.339421;699.865356;0
1008;488917;3116;99480;41;-1.400323;1341.883545;0
1009;489430;3115;99477;41;-1.145702;2266.132812;0
1010;489996;3115;99476;41;-1.091031;1845.377930;0
1011;490510;3115;99475;40;-0.963346;572.666809;0
1012;491141;3116;99477;40;-1.141282;2125.257080;0
1013;491592;3117;99478;40;-1.240323;2059.581787;0
1014;492116;3117;99478;40;-1.240323;1734.659668;0
1015;492672;3118;99479;40;-1.308910;2197.952637;0
1016;493226;3119;99476;40;-1.061598;1869.964111;0
1017;493857;3118;99477;40;-1.143430;2372.208984;0
1018;494318;3119;99476;40;-1.079937;2274.358154;0
1019;494924;3119;99477;40;-1.111115;2282.627686;0
1020;495443;3120;99477;40;-1.159905;1748.680420;0
1021;495955;3120;99477;40;-1.156222;2174.607666;0
1022;496560;3123;99477;40;-1.144380;2056.020264;0
1023;497048;3123;99479;40;-1.335912;2110.401367;0
1024;497548;3123;99482;40;-1.581032;2290.941650;0
1025;498128;3122;99478;40;-1.219636;1462.196655;0
1026;498628;3121;99477;40;-1.130879;1959.812378;0
1027;499154;3121;99477;40;-1.130879;627.317688;0
1028;499793;3122;99480;40;-1.380713;1468.812744;0
1029;500244;3123;99476;40;-1.075377;924.307434;0
1030;500873;3123;99479;40;-1.261775;1963.135254;0
1031;501324;3125;99477;40;-1.133637;2174.607666;0
1032;501848;3127;99478;40;-1.214276;295.090454;0
1033;502417;3128;99479;40;-1.268151;285.778839;0
1034;502971;3129;99477;40;-1.175259;307.663086;0
1035;503484;3128;99479;40;-1.332342;487.955231;0
1036;503996;3130;99479;40;-1.265485;576.841187;0
1037;504603;3130;99479;40;-1.317915;843.169800;0
1038;505090;3130;99479;40;-1.317915;816.678406;0
1039;505603;3130;99479;40;-1.272776;838.862488;0
1040;506116;3131;99477;40;-1.160052;814.602539;0
1041;506653;3132;99481;40;-1.502781;705.090271;0
1042;507153;3132;99480;40;-1.372082;768.551392;0
1043;507734;3132;99481;40;-1.439254;713.012268;0
1044;508234;3132;99480;40;-1.378350;788.182861;0
1045;508759;3133;99484;40;-1.713319;658.814636;0
1046;509421;3133;99479;40;-1.339720;559.662537;0
1047;509871;3134;99478;40;-1.203875;556.293457;0
1048;510514;3136;99480;40;-1.424319;482.141235;0
1049;510963;3136;99480;40;-1.424319;453.572754;0
1050;511501;3136;99479;40;-1.301660;579.642334;0
1051;512055;3137;99480;40;-1.427106;273.981689;0
1052;512611;3138;99481;40;-1.487225;373.062592;0
1053;513123;3138;99482;40;-1.558470;421.629639;0
1054;513651;3138;99479;40;-1.297522;210.713577;0
1055;514268;3139;99481;40;-1.433949;172.913223;0
1056;514735;3138;99482;40;-1.561751;174.833649;0
1057;515247;3138;99478;40;-1.238042;123.180649;0
1058;515761;3138;99478;40;-1.212369;143.696213;0
1059;516298;3138;99478;40;-1.212369;140.553131;0
1060;516812;3137;99476;40;-1.045770;169.116943;0
1061;517471;3138;99478;40;-1.252378;271.266449;0
1062;518435;3138;99480;40;-1.370477;297.641663;0
1063;518951;3138;99476;40;-1.016741;401.416504;0
1064;519679;3138;99481;40;-1.446503;721.935364;0
1065;520134;3138;99478;40;-1.184408;736.483398;0
1066;520639;3141;99477;40;-1.174607;920.690186;0
1067;521142;3143;99479;40;-1.330414;940.187134;0
1068;521701;3144;99479;40;-1.303148;867.345886;0
1069;522320;3143;99478;40;-1.219492;825.045105;0
1070;522880;3144;99478;40;-1.203197;755.152283;0
1071;523323;3144;99478;40;-1.203197;691.255615;0
1072;523881;3145;99476;41;-1.048269;868.464539;0
1073;524529;3146;99476;41;-1.011427;882.028381;0
1074;524972;3146;99477;41;-1.161224;911.128967;0
1075;525592;3147;99475;41;-0.955449;726.445312;0
1076;526035;3148;99476;41;-1.021032;681.925049;0
1077;526593;3150;99479;41;-1.270035;836.718567;0
1078;527151;3150;99476;41;-1.039835;902.863525;0
1079;527657;3151;99475;41;-1.003434;789.179993;0
1080;528318;3151;99474;41;-0.915341;700.733093;0
1081;528773;3152;99476;41;-1.089545;617.446655;0
1082;529381;3152;99478;41;-1.251729;988.595215;0
1083;529877;3152;99478;41;-1.251729;892.371155;0
1084;530382;3153;99476;41;-1.086042;993.870789;0
1085;530988;3152;99476;41;-1.068542;766.619934;0
1086;531486;3153;99478;41;-1.194789;911.128967;0
1087;531991;3153;99480;41;-1.378209;755.152283;0
1088;532563;3155;99479;41;-1.341334;895.852112;0
1089;533053;3155;99479;41;-1.270736;771.458801;0
1090;533686;3155;99478;41;-1.180422;906.394470;0
1091;534231;3156;99481;41;-1.512267;777.312927;0
1092;534675;3156;99479;41;-1.331643;909.942627;0
1093;535244;3156;99475;40;-0.983089;953.889587;0
1094;535737;3156;99475;40;-0.983089;996.521729;0
1095;536408;3157;99477;40;-1.130572;780.259766;0
1096;536863;3157;99477;40;-1.130572;947.630737;0
1097;537367;3157;99477;40;-1.174207;955.147583;0
1098;537884;3158;99476;40;-1.082018;1064.363403;0
1099;538388;3159;99478;40;-1.177684;948.878235;0
1100;539008;3161;99479;40;-1.292220;918.288269;0
1101;539463;3161;99479;40;-1.263845;793.183350;0
1102;539967;3162;99479;40;-1.278757;931.594849;0
1103;540574;3163;99478;40;-1.252108;908.758118;0
1104;541072;3163;99478;40;-1.252108;974.268188;0
1105;541589;3164;99481;40;-1.459114;852.959961;0
1106;542147;3163;99479;40;-1.309066;913.507690;0
1107;542639;3164;99478;40;-1.191742;292.918671;0
1108;543156;3165;99481;40;-1.489421;635.807739;0
1109;543762;3164;99478;40;-1.186264;484.458313;0
1110;544339;3163;99476;40;-1.086166;298.374115;0
1111;544867;3166;99478;40;-1.208370;219.695770;0
1112;545361;3165;99476;40;-1.015034;221.412201;0
1113;545918;3165;99480;40;-1.429896;259.324463;0
1114;546478;3166;99480;40;-1.389025;289.329865;0
1115;546993;3167;99481;40;-1.495633;303.917572;0
1116;547601;3167;99478;40;-1.253567;276.376160;0
1117;548044;3167;99478;40;-1.253567;290.760834;0
1118;548560;3167;99477;40;-1.175725;274.664001;0
1119;549065;3167;99477;40;-1.135005;269.244934;0
1120;549581;3168;99481;40;-1.448780;287.904938;0
1121;550088;3169;99479;40;-1.320137;266.902435;0
1122;550645;3169;99477;40;-1.111077;295.090454;0
1123;551162;3169;99478;40;-1.202604;313.357422;0
1124;551769;3169;99478;40;-1.204663;348.705383;0
1125;552328;3168;99479;40;-1.296351;362.872986;0
1126;552770;3168;99479;40;-1.296351;516.891174;0
1127;553287;3168;99481;40;-1.449124;788.182861;0
1128;553791;3169;99482;40;-1.520483;832.450928;0
1129;554306;3171;99478;41;-1.238889;946.385071;0
1130;554821;3171;99481;40;-1.506474;925.517151;0
1131;555369;3173;99481;41;-1.452585;953.889587;0
1132;555975;3174;99481;40;-1.454122;961.468567;0
1133;556455;3174;99478;40;-1.195253;982.050293;0
1134;557049;3175;99480;40;-1.418700;948.878235;0
1135;557559;3175;99480;40;-1.418700;927.942200;0
1136;558063;3176;99480;40;-1.420567;898.181702;0
1137;558557;3177;99481;40;-1.468802;1037.380981;0
1138;559085;3178;99480;40;-1.357403;1005.870850;0
1139;559578;3180;99479;41;-1.294567;993.870789;0
1140;560148;3181;99480;40;-1.352717;926.728638;0
1141;560640;3181;99480;41;-1.430912;1090.759033;0
1142;561168;3181;99480;41;-1.368791;974.268188;0
1143;561829;3182;99481;40;-1.472790;914.699951;0
1144;562272;3182;99481;40;-1.472790;788.182861;0
1145;562933;3183;99480;40;-1.358808;904.038696;0
1146;563378;3183;99480;40;-1.358808;836.718567;0
1147;563984;3184;99480;40;-1.354825;893.529724;0
1148;564513;3185;99479;40;-1.325513;814.602539;0
1149;565059;3186;99478;40;-1.181398;883.170410;0
1150;565562;3186;99479;40;-1.343939;790.178589;0
1151;566092;3188;99477;40;-1.098982;768.551392;0
1152;566698;3188;99479;40;-1.340276;671.909546;0
1153;567257;3187;99479;40;-1.334348;768.551392;0
1154;567714;3187;99478;40;-1.227374;796.201660;0
1155;568260;3188;99479;41;-1.317854;872.957520;0
1156;568817;3189;99477;41;-1.170944;900.518921;0
1157;569413;3190;99477;41;-1.128776;780.259766;0
1158;569909;3190;99477;41;-1.128776;738.325806;0
1159;570414;3189;99478;41;-1.179647;848.591858;0
1160;570984;3191;99476;41;-1.054249;726.445312;0
1161;571591;3192;99474;41;-0.861688;508.881927;0
1162;572147;3191;99473;41;-0.819635;323.843231;0
1163;572615;3191;99471;41;-0.608109;530.748840;0
1164;573160;3187;99475;41;-0.985193;658.814636;0
1165;573722;3186;99478;41;-1.208067;482.141235;0
1166;574315;3184;99476;41;-1.019740;311.829956;0
1167;574914;3185;99477;41;-1.152499;271.266449;0
1168;575357;3186;99478;41;-1.224347;253.518478;0
1169;575873;3186;99478;41;-1.224347;286.486084;0
1170;576523;3184;99478;41;-1.200658;321.486359;0
1171;576966;3184;99478;41;-1.200658;617.446655;0
1172;577585;3183;99476;41;-1.014685;348.705383;0
1173;578029;3182;99476;42;-1.028934;437.049286;0
1174;578677;3180;99476;42;-1.017516;359.823853;0
1175;579175;3181;99478;42;-1.193563;507.661255;0
1176;579678;3182;99477;41;-1.158453;899.349365;0
1177;580286;3181;99478;41;-1.208622;797.210876;0
1178;580751;3182;99476;41;-1.086401;890.060059;0
1179;581420;3181;99479;41;-1.338675;725.540771;0
1180;581928;3182;99477;41;-1.126445;898.181702;0
1181;582434;3184;99478;41;-1.187284;691.255615;0
1182;583040;3185;99477;41;-1.173236;246.879318;0
1183;583538;3185;99477;41;-1.173236;181.673569;0
1184;584042;3181;99480;41;-1.366564;182.417526;0
1185;584613;3177;99479;40;-1.263133;171.007721;0
1186;585105;3177;99479;40;-1.311737;197.238846;0
1187;585636;3175;99480;40;-1.376438;188.194366;0
1188;586243;3175;99479;40;-1.326135;202.817032;0
1189;586687;3171;99478;40;-1.245049;190.746841;0
1190;587216;3170;99482;40;-1.558636;168.177002;0
1191;587707;3170;99482;40;-1.599356;157.176102;0
1192;588266;3170;99482;40;-1.599356;186.927475;0
1193;588812;3172;99479;40;-1.324608;219.125946;0
1194;589328;3172;99482;40;-1.588942;178.230331;0
1195;590055;3172;99481;40;-1.432908;224.295914;0
1196;590510;3172;99481;40;-1.432908;215.449661;0
1197;591130;3173;99479;40;-1.342743;229.560501;0
1198;591585;3174;99482;40;-1.586378;317.205261;0
1199;592193;3172;99475;40;-1.002952;321.878082;0
1200;592635;3174;99477;40;-1.161891;240.687851;0
1201;593194;3173;99476;40;-1.061803;308.794617;0
1202;593739;3174;99478;40;-1.193887;198.028671;0
1203;594347;3174;99475;40;-0.991815;185.415359;0
1204;594895;3173;99475;40;-0.951274;168.177002;0
1205;595363;3173;99475;40;-0.999693;135.007370;0
1206;595982;3173;99475;40;-0.972828;114.924805;0
1207;596479;3173;99475;40;-0.972828;115.108635;0
1208;596983;3173;99472;40;-0.732778;101.962463;0
1209;597591;3172;99474;40;-0.863335;141.178162;0
1210;598087;3171;99474;40;-0.863510;166.308014;0
1211;598592;3172;99478;40;-1.251552;239.159592;0
1212;599110;3170;99476;40;-1.071218;209.061142;0
1213;599602;3169;99475;40;-0.966847;249.076477;0
1214;600264;3170;99475;40;-0.963259;232.825104;0
1215;600743;3172;99476;40;-1.086959;270.254150;0
1216;601236;3173;99475;40;-0.996103;219.981125;0
1217;601765;3173;99475;40;-0.996103;193.843170;0
1218;602257;3174;99479;40;-1.317931;220.266754;0
1219;602815;3173;99479;40;-1.265237;259.650177;0
1220;603307;3173;99474;40;-0.854257;341.194305;0
1221;603812;3175;99477;40;-1.122697;292.558075;0
1222;604474;3173;99478;40;-1.202787;318.756134;0
1223;604918;3175;99481;40;-1.443339;303.545227;0
1224;605550;3176;99480;40;-1.386864;320.313690;0
1225;605993;3176;99481;40;-1.435283;943.899963;0
1226;606510;3176;99481;40;-1.435283;514.412842;0
1227;607026;3178;99476;40;-1.024248;1023.529602;0
1228;607572;3180;99480;40;-1.357025;864.000000;0
1229;608767;3182;99483;40;-1.618240;884.313965;0
1230;609284;3182;99481;40;-1.493516;847.504211;0
1231;609879;3182;99480;40;-1.424711;917.090454;0
1232;610437;3184;99482;40;-1.559838;1163.779785;0
1233;610905;3185;99479;40;-1.322610;940.187134;0
1234;611409;3185;99479;40;-1.328752;1135.086914;0
1235;611927;3187;99479;40;-1.321978;943.899963;0
1236;612533;3187;99480;40;-1.352097;1016.691589;0
1237;613032;3188;99474;40;-0.912238;947.630737;0
1238;613535;3188;99474;40;-0.912238;960.200195;0
1239;614094;3190;99479;40;-1.301804;819.803894;0
1240;614700;3191;99479;40;-1.271460;806.362244;0
1241;615246;3192;99479;41;-1.331812;816.678406;0
1242;615713;3192;99481;40;-1.467023;860.669800;0
1243;616260;3191;99478;41;-1.243571;828.209351;0
1244;616818;3192;99479;41;-1.318422;665.325623;0
1245;617413;3194;99481;41;-1.466341;832.450928;0
1246;618015;3195;99484;41;-1.696258;804.317871;0
1247;618470;3196;99478;41;-1.181698;1000.514954;0
1248;618986;3198;99481;41;-1.441736;779.276001;0
1249;619593;3200;99480;41;-1.394158;961.468567;0
1250;620036;3200;99480;41;-1.394158;806.362244;0
1251;620619;3200;99478;41;-1.189406;1033.200562;0
1252;621111;3201;99474;41;-0.859411;743.885376;0
1253;621718;3204;99474;41;-0.907039;632.705688;0
1254;622175;3205;99475;41;-0.975710;788.182861;0
1255;622720;3207;99475;41;-0.995692;1061.481079;0
1256;623237;3207;99475;41;-0.944110;859.563293;0
1257;623753;3209;99477;40;-1.104469;980.747803;0
1258;624347;3210;99471;40;-0.618875;815.639709;0
1259;624815;3210;99471;40;-0.618875;1044.396118;0
1260;625319;3211;99473;40;-0.837533;924.307434;0
1261;625939;3211;99472;40;-0.737202;1144.547852;0
1262;626404;3211;99476;40;-1.074104;1060.043823;0
1263;626900;3212;99475;40;-0.998204;1130.394165;0
1264;627470;3213;99472;40;-0.716135;937.722290;0
1265;627963;3214;99474;40;-0.859784;1001.850708;0
1266;628479;3215;99474;40;-0.850847;1061.481079;0
1267;629099;3218;99472;40;-0.726190;1111.873779;0
1268;629541;3219;99473;40;-0.824320;1092.250000;0
1269;630144;3221;99470;40;-0.558873;1062.920898;0
1270;630647;3221;99470;40;-0.558873;1035.985107;0
1271;631166;3221;99469;39;-0.459806;884.313965;0
1272;631712;3221;99470;39;-0.532264;1152.510254;0
1273;632204;3222;99471;39;-0.587731;1102.760498;0
1274;632708;3224;99475;39;-0.964770;1160.545288;0
1275;633224;3224;99473;39;-0.759895;1077.457520;0
1276;633832;3226;99473;39;-0.760198;1116.466919;0
1277;634287;3228;99469;40;-0.466459;1099.744385;0
1278;634804;3228;99469;40;-0.466459;1105.787598;0
1279;635320;3230;99473;40;-0.767505;1016.691589;0
1280;635880;3230;99472;40;-0.710423;1195.103271;0
1281;636383;3232;99476;40;-1.057312;1055.746704;0
1282;636889;3235;99473;40;-0.790118;1170.284302;0
1283;637380;3238;99472;40;-0.740590;1040.179810;0
1284;637897;3238;99472;40;-0.713639;1175.193848;0
1285;638503;3238;99473;40;-0.765921;1029.041626;0
1286;638959;3238;99473;40;-0.765921;1155.715698;0
1287;639462;3240;99473;40;-0.786647;1065.807983;0
1288;640036;3240;99473;39;-0.797532;1042.988159;0
1289;640593;3242;99471;39;-0.652123;943.899963;0
1290;641188;3243;99473;39;-0.834879;1031.811890;0
1291;641655;3243;99474;39;-0.896735;925.517151;0
1292;642147;3244;99471;39;-0.666439;946.385071;0
1293;642663;3244;99475;39;-0.965659;1054.319458;0
1294;643344;3244;99478;39;-1.205830;1084.821289;0
1295;643787;3246;99470;39;-0.570333;1135.086914;0
1296;644367;3246;99473;39;-0.795515;1033.200562;0
1297;644872;3247;99471;39;-0.585017;1087.784912;0
1298;645532;3250;99474;39;-0.870568;989.910645;0
1299;645988;3250;99474;39;-0.870568;1040.179810;0
1300;646492;3249;99475;39;-0.976484;942.660400;0
1301;647009;3249;99472;39;-0.709647;969.122864;0
1302;647513;3248;99474;39;-0.881921;925.517151;0
1303;648107;3249;99472;39;-0.693867;1035.985107;0
1304;648575;3251;99472;39;-0.704963;705.965454;0
1305;649081;3252;99472;39;-0.684571;925.517151;0
1306;649701;3252;99473;39;-0.777281;855.154236;0
1307;650197;3252;99473;39;-0.790101;992.548767;0
1308;650701;3252;99473;39;-0.790101;897.015930;0
1309;651229;3255;99471;39;-0.612783;993.870789;0
1310;651722;3256;99477;39;-1.164345;887.756226;0
1311;652237;3256;99473;39;-0.790309;888.907227;0
1312;652844;3258;99478;39;-1.185982;254.478653;0
1313;653289;3253;99474;39;-0.840360;248.447098;0
1314;653897;3253;99475;40;-0.932453;199.615372;0
1315;654351;3252;99473;40;-0.830200;200.678375;0
1316;654909;3251;99474;40;-0.910887;174.111771;0
1317;655528;3249;99474;40;-0.863269;178.230331;0
1318;656136;3249;99476;40;-1.013003;174.352158;0
1319;656693;3249;99473;40;-0.786571;204.972839;0
1320;657150;3249;99473;40;-0.786571;218.841461;0
1321;657707;3248;99472;40;-0.718974;224.006241;0
1322;658213;3248;99474;40;-0.896064;200.678375;0
1323;658821;3246;99477;40;-1.106003;220.552689;0
1324;659263;3243;99474;40;-0.897111;154.061920;0
1325;659834;3241;99474;40;-0.860331;158.974472;0
1326;660379;3241;99473;40;-0.798728;124.140739;0
1327;660987;3242;99473;40;-0.825310;185.918427;0
1328;661546;3242;99473;40;-0.769833;136.635727;0
1329;662012;3242;99473;40;-0.753821;238.854874;0
1330;662527;3242;99473;40;-0.753821;171.007721;0
1331;663074;3241;99472;40;-0.713104;42.004944;0
1332;663578;3241;99469;40;-0.482188;37.795753;0
1333;664185;3241;99471;40;-0.587702;85.597725;0
1334;664694;3241;99471;40;-0.647057;65.566963;0
1335;665289;3241;99468;40;-0.371232;70.294380;0
1336;665798;3242;99473;40;-0.773023;100.936310;0
1337;666392;3240;99473;40;-0.805852;53.288235;0
1338;666953;3238;99472;40;-0.669993;62.724285;0
1339;667408;3239;99470;39;-0.555482;58.503757;0
1340;667912;3239;99470;39;-0.528528;59.546467;0
1341;668482;3239;99471;39;-0.662614;75.472183;0
1342;668974;3239;99471;39;-0.662614;43.141121;0
1343;669768;3236;99473;39;-0.786527;108.954292;0
1344;670211;3236;99473;39;-0.786527;115.292656;0
1345;670715;3236;99471;39;-0.621680;69.589317;0
1346;671378;3236;99470;39;-0.498899;63.126808;0
1347;671821;3237;99469;39;-0.471587;72.143448;0
1348;672428;3237;99472;39;-0.733259;112.187828;0
1349;672883;3235;99470;39;-0.573314;147.527802;0
1350;673386;3235;99472;39;-0.679133;108.243179;0
1351;673958;3236;99469;39;-0.472893;88.588844;0
1352;674516;3236;99474;39;-0.842000;77.683090;0
1353;675110;3236;99472;39;-0.728174;79.174759;0
1354;675620;3235;99471;39;-0.644532;94.570694;0
1355;676215;3233;99473;39;-0.817416;73.292915;0
1356;676816;3231;99473;39;-0.755927;88.430069;0
1357;677270;3231;99473;39;-0.755927;77.831627;0
1358;677866;3232;99473;39;-0.767453;60.729370;0
1359;678333;3232;99478;39;-1.179170;60.597412;0
1360;678825;3232;99474;39;-0.921360;62.189434;0
1361;679408;3232;99474;39;-0.862373;53.537712;0
1362;680529;3231;99473;39;-0.772610;43.713699;0
1363;681045;3230;99475;39;-0.970795;46.975811;0
1364;681653;3229;99475;39;-1.005445;49.726727;0
1365;682095;3228;99472;39;-0.715596;54.414906;0
1366;682612;3229;99474;39;-0.909897;69.589317;0
1367;683116;3229;99474;39;-0.909897;30.284092;0
1368;683631;3228;99475;39;-0.942616;20.314667;0
1369;684123;3228;99476;40;-1.022456;26.945349;0
1370;684694;3226;99470;39;-0.529993;41.553818;0
1371;685200;3226;99474;39;-0.910893;48.402966;0
1372;685819;3226;99470;40;-0.547628;38.339851;0
1373;686393;3227;99477;40;-1.164497;27.621883;0
1374;686837;3227;99475;40;-0.925633;15.169861;0
1375;687394;3226;99471;40;-0.593475;11.963915;0
1376;687899;3226;99471;40;-0.593475;11.737571;0
1377;688402;3226;99476;40;-1.051646;11.587314;0
1378;688919;3226;99474;39;-0.919555;16.064943;0
1379;689435;3227;99474;40;-0.846444;12.880659;0
1380;689941;3226;99471;40;-0.605661;19.354492;0
1381;690458;3226;99475;40;-0.929494;10.917500;0
1382;691052;3224;99472;40;-0.683910;14.210111;0
1383;691574;3224;99473;40;-0.832356;14.687797;0
1384;692077;3224;99471;40;-0.596379;18.323208;0
1385;692570;3224;99471;40;-0.596379;17.057945;0
1386;693140;3222;99473;40;-0.789074;23.739637;0
1387;693633;3219;99475;40;-0.929794;16.808067;0
1388;694163;3217;99475;40;-0.995463;18.750858;0
1389;694668;3217;99471;40;-0.619749;15.737773;0
1390;695171;3216;99473;40;-0.778401;22.458364;0
1391;695833;3216;99474;40;-0.873957;15.412530;0
1392;696275;3216;99475;40;-0.941597;22.731018;0
1393;696908;3216;99474;40;-0.851194;22.277176;0
1394;697350;3216;99474;40;-0.851194;27.234589;0
1395;697897;3214;99476;40;-1.066233;24.575277;0
1396;698423;3214;99474;40;-0.902419;20.844324;0
1397;698928;3214;99475;40;-0.931903;37.146713;0
1398;699486;3214;99475;40;-0.953397;41.441326;0
1399;700003;3214;99472;40;-0.749836;40.992584;0
1400;700609;3215;99476;40;-1.048956;44.404751;0
1401;701155;3214;99476;40;-1.044088;50.698792;0
1402;701610;3213;99473;40;-0.772862;51.925011;0
1403;702156;3214;99476;40;-1.034152;54.163666;0
1404;702726;3213;99477;40;-1.147600;58.374001;0
1405;703323;3212;99477;40;-1.153342;58.244366;0
1406;703778;3212;99477;40;-1.153342;69.589317;0
1407;704295;3210;99481;40;-1.514491;67.356079;0
1408;704853;3211;99476;40;-1.082126;81.135384;0
1409;705530;3211;99479;40;-1.290150;98.732765;0
1410;706075;3209;99482;40;-1.585884;66.803162;0
1411;706531;3207;99482;40;-1.581948;64.070648;0
1412;707077;3207;99480;40;-1.396972;81.743607;0
1413;707637;3207;99479;40;-1.294744;81.896011;0
1414;708128;3206;99479;40;-1.299158;74.160851;0
1415;708761;3206;99476;40;-1.030240;47.568321;0
1416;709215;3207;99477;40;-1.165549;63.665356;0
1417;709733;3207;99477;40;-1.165549;47.568321;0
1418;710278;3206;99478;40;-1.207521;61.789661;0
1419;710771;3206;99480;40;-1.353032;40.100780;0
1420;711431;3204;99478;40;-1.257061;52.542782;0
1421;711875;3204;99479;40;-1.273045;39.436871;0
1422;712422;3204;99475;40;-0.946114;99.407883;0
1423;712926;3203;99477;40;-1.164965;39.436871;0
1424;713431;3202;99476;40;-1.052083;54.918900;0
1425;714075;3201;99475;40;-0.924467;64.477165;0
1426;714518;3201;99473;40;-0.832107;83.274254;0
1427;715021;3201;99473;40;-0.832107;93.096245;0
1428;715654;3201;99473;40;-0.802640;87.322815;0
1429;716167;3201;99473;40;-0.802640;75.033806;0
1430;716776;3202;99474;40;-0.888290;90.827583;0
1431;717272;3201;99477;40;-1.159028;69.308273;0
1432;717765;3199;99474;40;-0.858934;79.024956;0
1433;718293;3199;99476;40;-1.014034;55.551746;0
1434;718901;3198;99475;40;-1.005925;59.677380;0
1435;719356;3197;99475;40;-0.980184;47.687187;0
1436;719885;3199;99481;40;-1.484777;113.460228;0
1437;720377;3197;99482;40;-1.574062;90.184914;0
1438;720998;3199;99481;40;-1.505634;120.516396;0
1439;721441;3199;99481;40;-1.505634;106.652878;0
1440;721999;3200;99479;39;-1.296086;95.230026;0
1441;722545;3199;99478;39;-1.204387;75.179787;0
1442;723049;3199;99480;39;-1.377771;85.910034;0
1443;723669;3199;99480;39;-1.404998;121.463852;0
1444;724123;3198;99482;39;-1.544271;94.735291;0
1445;724640;3197;99478;39;-1.199990;109.489418;0
1446;725157;3198;99479;39;-1.320576;66.389893;0
1447;725663;3198;99478;39;-1.190148;105.775230;0
1448;726167;3198;99478;39;-1.190148;51.065350;0
1449;726725;3196;99481;39;-1.465638;85.753807;0
1450;727229;3198;99480;39;-1.359061;46.034107;0
1451;727836;3197;99478;39;-1.177320;50.455029;0
1452;728382;3196;99482;39;-1.522653;49.847794;0
1453;728849;3195;99482;39;-1.545647;57.598164;0
1454;729366;3191;99480;39;-1.420168;67.911140;0
1455;729872;3190;99482;39;-1.566530;64.341499;0
1456;730377;3190;99482;39;-1.566530;53.412910;0
1457;730893;3190;99482;39;-1.519338;43.141121;0
1458;731452;3191;99482;39;-1.550244;24.855886;0
1459;732046;3191;99479;39;-1.326236;112.550507;0
1460;732515;3191;99481;39;-1.483645;50.820850;0
1461;733108;3192;99479;39;-1.307825;18.068029;0
1462;733577;3192;99481;39;-1.497144;17.057945;0
1463;734103;3190;99481;39;-1.513652;14.607876;0
1464;734596;3191;99481;39;-1.440360;12.573068;0
1465;735124;3190;99479;39;-1.339287;9.538148;0
1466;735616;3190;99479;39;-1.339287;11.737571;0
1467;736264;3191;99481;39;-1.471707;14.130923;0
1468;736731;3191;99477;39;-1.109361;15.008690;0
1469;737235;3192;99479;39;-1.322886;22.096447;0
1470;737897;3192;99479;39;-1.318649;26.274479;0
1471;738352;3193;99478;39;-1.183875;33.237217;0
1472;738857;3191;99480;39;-1.413475;52.790764;0
1473;739375;3190;99482;39;-1.596315;62.189434;0
1474;739878;3188;99482;39;-1.570416;59.677380;0
1475;740383;3188;99482;39;-1.570416;61.656673;0
1476;740928;3188;99486;39;-1.863231;53.537712;0
1477;741421;3187;99483;39;-1.607435;37.904343;0
1478;742002;3187;99484;39;-1.768834;47.568321;0
1479;742598;3185;99484;39;-1.735545;31.089031;0
1480;743064;3182;99483;39;-1.621144;41.328968;0
1481;743584;3183;99485;39;-1.806100;31.392788;0
1482;744178;3184;99483;39;-1.644719;29.784758;0
1483;744688;3185;99483;39;-1.613186;24.668697;0
1484;745179;3184;99488;39;-2.046831;37.038956;0
1485;745737;3183;99483;39;-1.644380;23.463175;0
1486;746356;3181;99484;39;-1.736330;46.739655;0
1487;746962;3180;99482;39;-1.550358;23.739637;0
1488;747508;3180;99480;39;-1.376684;50.211765;0
1489;747989;3180;99480;39;-1.376684;35.542534;0
1490;748548;3181;99481;39;-1.488045;37.578941;0
1491;749051;3180;99479;39;-1.278638;30.084009;0
1492;749700;3181;99478;39;-1.257040;33.652180;0
1493;750143;3182;99480;39;-1.400939;33.964622;0
1494;750701;3182;99481;39;-1.490076;31.392788;0
1495;751247;3182;99481;39;-1.463400;29.189354;0
1496;752384;3181;99481;39;-1.438949;36.394836;0
1497;752941;3180;99482;39;-1.576889;65.840729;0
1498;753397;3180;99477;39;-1.132511;44.173916;0
1499;753913;3180;99477;39;-1.132511;61.523808;0
1500;754430;3180;99477;39;-1.169987;58.503757;0
1501;754975;3180;99482;39;-1.557038;61.656673;0
1502;755582;3180;99480;40;-1.374118;63.261257;0
1503;756037;3178;99479;40;-1.313590;62.056046;0
1504;756542;3175;99480;40;-1.384819;62.992500;0
1505;757102;3175;99480;40;-1.429989;63.800320;0
1506;757697;3174;99477;40;-1.131777;69.308273;0
1507;758206;3168;99473;40;-0.787714;63.530525;0
1508;758722;3167;99475;40;-0.976752;44.520378;0
1509;759317;3167;99476;40;-1.021231;28.499962;0
1510;759958;3168;99474;41;-0.892926;28.010984;0
1511;760451;3168;99474;41;-0.892926;32.824116;0
1512;761057;3167;99476;41;-1.010117;35.754932;0
1513;761501;3167;99476;41;-1.010117;38.886890;0
1514;762006;3169;99472;41;-0.738098;30.084009;0
1515;762626;3165;99471;41;-0.627201;29.090523;0
1516;763068;3162;99469;41;-0.415866;21.736382;0
1517;763585;3163;99475;41;-0.986758;23.832020;0
1518;764088;3159;99473;41;-0.826671;34.069004;0
1519;764635;3159;99475;41;-0.928993;26.083838;0
1520;765192;3161;99475;41;-0.949243;16.725021;0
1521;765709;3161;99475;41;-0.949243;17.141468;0
